Fishing Trip #,Date,CT,Common Name,Local  Name,Total Length (cm),# of That Size,SEX,Condition,Photo Nane/ Number:,Notes:
1,28/05/2017,1,Bigeye Trevally,chepob,33,13,M,Sperm,,
1,28/05/2017,2,Bigeye Trevally,chepob,26,,F,Can't tell,,
1,28/05/2017,3,Bigeye Trevally,chepob,25,,F,Can't tell,,
1,28/05/2017,4,Bigeye Trevally,chepob,32,,F,Eggs,,
1,28/05/2017,5,Bigeye Trevally,chepob,30,,M,,,
1,28/05/2017,6,Glasseye,Lipaw,26,6,F,Can't tell,6,
1,28/05/2017,7,Glasseye,Lipaw,29,,F,Eggs,,
1,28/05/2017,8,Glasseye,Lipaw,27,,F,Can't tell,,
1,28/05/2017,9,Glasseye,Lipaw,27,,M,Can't tell,,
1,28/05/2017,10,Glasseye,Lipaw,29,,M,Sperm,,
1,28/05/2017,11,Soldier fish,Mwol,15,,F,Can't tell,,
1,28/05/2017,12,Soldier fish,Mwol,14,,M,Sperm,,
1,28/05/2017,13,Soldier fish,Mwol,15,,M,Can't tell,,
2,28/05/2017,1,Kawakawa - Euthynnus Affinis,yasulloy,38,1,Can't tell,Can't tell,,
2,28/05/2017,2,Rainbow runner,foafoa,74,6,M,,,
2,28/05/2017,3,Rainbow runner,foafoa,71,,F,Spent,,
2,28/05/2017,4,Rainbow runner,foafoa,41,,M,Sperm,,
2,28/05/2017,5,Rainbow runner,foafoa,36,,M,Sperm,,
2,28/05/2017,6,Rainbow runner,foafoa,38,,M,Sperm,,
2,28/05/2017,7,Yellowfin Tuna,Taguw,57,8,M,,,
2,28/05/2017,8,Yellowfin Tuna,Taguw,58,,M,,,
2,28/05/2017,9,Yellowfin Tuna,Taguw,56,,M,Spent,,
2,28/05/2017,10,Yellowfin Tuna,Taguw,59,,M,Spent,,
2,28/05/2017,11,Yellowfin Tuna,Taguw,56,,M,Spent,,
3,29/05/2017,1,Grouper,halii,16,54,m,Can't tell,,
3,29/05/2017,2,Grouper,halii,16.5,,f,Spent,,
3,29/05/2017,3,Grouper,halii,16,,m,Can't tell,,
3,29/05/2017,4,Grouper,halii,17,,m,Spent,,
3,29/05/2017,5,Grouper,halii,16.5,,m,Spent,,
3,29/05/2017,6,trigger fish,pwup,21,4,m,Spent,,
3,29/05/2017,7,trigger fish,pwup,22,,m,Can't tell,,
3,29/05/2017,8,trigger fish,pwup,12,,m,Can't tell,,
3,29/05/2017,9,trigger fish,pwup,9,,m,Can't tell,,
3,29/05/2017,10,trigger fish,pwup,16,3,m,Spent,,
3,29/05/2017,11,trigger fish,pwup,15,,m,Spent,,
3,29/05/2017,12,trigger fish,pwup,14,,m,Sperm,,
4,29/05/2017,1,Tomato Grouper,fasfos,8,25,m,Sperm,,
4,29/05/2017,2,Tomato Grouper,fasfos,6,,f,Can't tell,,
4,29/05/2017,3,Tomato Grouper,fasfos,6,,Can't tell,Can't tell,,
4,29/05/2017,4,Tomato Grouper,fasfos,7,,Can't tell,Can't tell,,
4,29/05/2017,5,Soldier fish,Mwol,12,12,m,Spent,,
4,29/05/2017,6,Soldier fish,Mwol,11,,m,Can't tell,,
4,29/05/2017,7,Soldier fish,Mwol,14,,f,Can't tell,,
4,29/05/2017,8,Soldier fish,Mwol,14,2,m,Can't tell,,
4,29/05/2017,9,Barred filefish,liyoma,16,,m,Spent,,
4,29/05/2017,10,Barred filefish,liyoma,18,,m,Can't tell,,
5,29/05/2017,1,Black tipped grouper,Metail,21.5,5,m,Sperm,,
5,29/05/2017,2,Black tipped grouper,Metail,26,,m,Spent,,
5,29/05/2017,3,Black tipped grouper,Metail,25,,m,Spent,,
5,29/05/2017,4,Black tipped grouper,Metail,25,,f,Can't tell,,
5,29/05/2017,5,Black tipped grouper,Metail,23,,m,Can't tell,,
5,29/05/2017,6,Lyretail Grouper,bela,31,2,f,Spent,,
5,29/05/2017,7,Lyretail Grouper,bela,31,,f,Spent,,
5,29/05/2017,8,Orange fin emperor,wor pin,22,1,m,Spent,,
5,29/05/2017,9,Corcodile needle fish,tag,56,1,m,Spent,,
6,29/05/2017,1,Grouper,halie,13,4,Can't tell,Juvenile,,
6,29/05/2017,2,Grouper,halie,15,,Can't tell,Juvenile,,
6,29/05/2017,3,Grouper,halie,12,,Can't tell,Juvenile,,
6,29/05/2017,4,Grouper,halie,14,,Can't tell,Juvenile,,
6,29/05/2017,5,trigger fish,pwup,10,3,Can't tell,Can't tell,,
6,29/05/2017,6,trigger fish,pwup,9,,Can't tell,Can't tell,,
6,29/05/2017,7,trigger fish,pwup,12,,Can't tell,Can't tell,,
6,29/05/2017,8,trigger fish,pwup,11,,Can't tell,Can't tell,,
6,29/05/2017,9,Barred filefish,liyoma,14,1,m,Sperm,,
6,29/05/2017,10,Orange spine unicorn,Bulgalei,12,1,f,Can't tell,,
7,29/05/2017,1,Big eye Emperor,Masmas,38,2,Can't tell,Can't tell,,
7,29/05/2017,2,Big eye Emperor,Masmas,42,,m,Spent,,
8,30/05/2017,1,Pinktail trigger fish,buubpal,15,2,m,Sperm,,
8,30/05/2017,2,Pinktail trigger fish,buubpal,17,,m,Sperm,,
8,30/05/2017,3,Wedge picassofish,buubloh,14,4,m,Sperm,,
8,30/05/2017,4,Wedge picassofish,buubloh,15,,m,Sperm,,
8,30/05/2017,5,Wedge picassofish,buubloh,15,,f,Eggs,,
8,30/05/2017,6,Wedge picassofish,buubloh,18,,m,Sperm,,
8,30/05/2017,7,Barred filefish,niyomae,18.5,3,m,Sperm,,
8,30/05/2017,8,Barred filefish,niyomae,19,,m,Sperm,,
8,30/05/2017,9,Barred filefish,niyomae,19.5,,m,Sperm,,
8,30/05/2017,10,honey comb grouper,halie:a,17.5,4,m,Sperm,,
8,30/05/2017,11,honey comb grouper,halie,17,,m,Sperm,,
8,30/05/2017,12,honey comb grouper,halie,13,,m,Sperm,,
8,30/05/2017,13,honey comb grouper,halie,12,,m,Sperm,,
8,30/05/2017,14,Lyretail Grouper,bela,25,1,m,Sperm,,
8,30/05/2017,15,Five stripe surge wrasse,Aerhineo,13,2,m,Spent,,
8,30/05/2017,16,Five stripe surge wrasse,Aerhineo,12,,m,Spent,,
8,30/05/2017,17,flagtail grouper,hamarhior,12.5,1,m,Spent,,
8,30/05/2017,18,Multibarred goatfish,songoong,14,1,m,Spent,,
9,30/05/2017,1,Soldier fish,Mwol,22,23,m,Sperm,,
9,30/05/2017,2,Soldier fish,Mwol,21,,f,Eggs,,
9,30/05/2017,3,Soldier fish,Mwol,18.5,,m,Spent,,
9,30/05/2017,4,Soldier fish,Mwol,20,,f,Eggs,,
9,30/05/2017,5,Soldier fish,Mwol,19,,m,Spent,,
9,30/05/2017,6,Bronze Swipper,Aeprhoai,19,1,f,Eggs,,
9,30/05/2017,7,Bigeye Trevally,chepob,27,,m,Spent,,
10,30/05/2017,1,Banded sergeant fish ,Solbei,17,1,f,Eggs,,
10,30/05/2017,2,Chub Fish,Rel,20,3,m,Spent,,
10,30/05/2017,3,Fringelip mallet,Araf,19,1,m,Spent,,
11,31/05/2017,1,honey comb grouper,halie:a,17.5,26,m,Spent,,
11,31/05/2017,2,honey comb grouper,halie:a,16,,m,Spent,,
11,31/05/2017,3,honey comb grouper,halie:a,17.5,,m,Sperm,,
11,31/05/2017,4,honey comb grouper,halie:a,17,,m,Sperm,,
11,31/05/2017,5,honey comb grouper,halie:a,16,,Can't tell,Can't tell,,
11,31/05/2017,6,Ringtail Wrasse ,Libag,21,4,m,Sperm,,
11,31/05/2017,7,Ringtail Wrasse ,Libag,17,,f,Eggs,,
11,31/05/2017,8,Ringtail Wrasse ,Libag,19,,m,Sperm,,
11,31/05/2017,9,Ringtail Wrasse ,Libag,15.5,,m,Sperm,,
11,31/05/2017,10,Lyretail Grouper,bela,21.5,1,m,Spent,,
11,31/05/2017,11,Stocky hawkfish,nununoa (38D),16.5,6,f,Eggs,,
11,31/05/2017,12,Stocky hawkfish,nununoa (38D),17,,m,Spent,,
11,31/05/2017,13,trigger fish,pwup,17.5,1,m,Spent,,
11,31/05/2017,14,flagtail grouper,hamarhior,13,2,m,Spent,,
11,31/05/2017,15,flagtail grouper,hamarhior,12,,m,Spent,,
12,31/05/2017,1,Barred filefish,niyomae,22,2,Can't tell,Can't tell,,
12,31/05/2017,2,Barred filefish,niyomae,20,1,m,Sperm,,
12,31/05/2017,3,trigger fish,pwup,17.5,7,m,Sperm,,
12,31/05/2017,4,trigger fish,pwup,21,1,f,Eggs,,
12,31/05/2017,5,trigger fish,pwup,25,1,m,Can't tell,,
12,31/05/2017,6,trigger fish,pwup,20,1,m,Sperm,,
12,31/05/2017,7,honey comb grouper,halie:a,17,31,Can't tell,Can't tell,,
12,31/05/2017,8,honey comb grouper,halie:a,15.5,,m,Spent,,
12,31/05/2017,9,honey comb grouper,halie:a,16.5,,m,Sperm,,
12,31/05/2017,10,honey comb grouper,halie:a,18,,m,Spent,,
12,31/05/2017,11,honey comb grouper,halie:a,17.5,,m,Sperm,,
12,31/05/2017,12,flagtail grouper,hamarhior,13,8,m,Sperm,,
12,31/05/2017,13,flagtail grouper,hamarhior,14,,m,Spent,,
12,31/05/2017,14,flagtail grouper,hamarhior,14.5,,m,Can't tell,,
12,31/05/2017,15,flagtail grouper,hamarhior,14,,Can't tell,Can't tell,,
12,31/05/2017,16,Surge wrasse,chelaw ,23,2,m,Spent,,
12,31/05/2017,17,Surge wrasse,chelaw ,22.5,,f,Eggs,,
12,31/05/2017,18,Surge wrasse,chelaw ,16,2,f,Eggs,,
12,31/05/2017,19,Surge wrasse,chelaw ,18,,f,Eggs,,
12,31/05/2017,20,Tomato Grouper,fasfos,16.5,1,m,Sperm,,
12,31/05/2017,21,Stocky hawkfish,nununoa (38D),16.5,2,m,Spent,,
12,31/05/2017,22,Stocky hawkfish,nununoa (38D),16,,m,Spent,,
13,31/05/2017,1,Yellowfin Tuna,Taguw,53,7,m,Spent,,
13,31/05/2017,2,Yellowfin Tuna,Taguw,43,,m,Spent,,
13,31/05/2017,3,Yellowfin Tuna,Taguw,56,,m,Sperm,,
13,31/05/2017,4,Yellowfin Tuna,Taguw,58,,m,Spent,,
13,31/05/2017,5,Yellowfin Tuna,Taguw,55,,m,Spent,,
13,31/05/2017,6,Skipjack Tuna,Garngap,55,1,m,Spent,,
13,31/05/2017,7,Arrow barracuda,Apwai,69,1,f,Eggs,,
14,31/05/2017,1,Orange banned surgeonfish,mwaerfarh,19.5,1,Can't tell,Can't tell,,
14,31/05/2017,2,trigger fish,pwup,14.5,10,f,Spent,,
14,31/05/2017,3,trigger fish,pwup,16,,f,Spent,,
14,31/05/2017,4,trigger fish,pwup,16,,f,Spent,,
14,31/05/2017,5,Orange spine unicorn,Pwunuganei,19,2,m,Sperm,,
14,31/05/2017,6,Orange spine unicorn,Pwunuganei,16.5,,m,Spent,,
14,31/05/2017,7,Barred filefish,Niomae,17.5,1,f,Spent,,
15,31/05/2017,1,Chub Fish,reon,25.5,5,f,Eggs,,
15,31/05/2017,2,Chub Fish,reon,23.5,,f,spent,,
15,31/05/2017,3,Chub Fish,reon,26,,f,spent,,
15,31/05/2017,4,Chub Fish,reon,21,,f,spent,,
15,31/05/2017,5,Chub Fish,reon,22,,f,Eggs,,
15,31/05/2017,6,coachwip Trevally,Chep,20,2,f,spent,,
15,31/05/2017,7,coachwip Trevally,chep,22,,f,spent,,
15,31/05/2017,8,Barred flagtail,peneaw,16,1,f,Eggs,,
15,31/05/2017,9,Smallspotted pompano,engaang,13.5,2,Can't tell,Can't tell,,
15,31/05/2017,10,Smallspotted pompano,engaang,12,,Can't tell,Can't tell,,
16,31/05/2017,1,Chub Fish,reon,20,4,f,spent,,
16,31/05/2017,2,Chub Fish,reon,26,,f,Eggs,,
16,31/05/2017,3,Chub Fish,reon,23,,f,spent,,
16,31/05/2017,4,fringelip mallet,Araf,19,2,f,ripe(oozes),,
16,31/05/2017,5,fringelip mallet,Araf,17.5,,f,ripe(oozes),,
16,31/05/2017,6,Yellowsrtipe goatfish,sow,29,,Can't tell,Can't tell,,
17,01/06/2017,1,Bigeye scad,paeti,25,1,f,Eggs,,
17,01/06/2017,2,Black Jack Trevally,etam,30,1,f,Eggs,,
17,01/06/2017,3,Black tipped grouper,Metaein,20.5,1,m,Sperm,,
17,01/06/2017,4,Yellowspot emperor,sagiurwarh,22.5,1,m,sperm,,
17,01/06/2017,5,Soldier fish,mweon,24,11,m,sperm,,
17,01/06/2017,6,Soldier fish,mweon,17,,m,sperm,,
17,01/06/2017,7,Soldier fish,mweon,18.5,,m,Can't tell,,
17,01/06/2017,8,Soldier fish,mweon,16.5,,Can't tell,Can't tell,,
17,01/06/2017,9,Yellow striped Emperor,noot,16.5,1,Can't tell,Can't tell,,
18,01/06/2017,1,Coachwip Trevally,Chep,20.5,5,Can't tell,Can't tell,,
18,01/06/2017,2,Coachwip Trevally,Chep,19.5,,M,Sperm,,
18,01/06/2017,3,Coachwip Trevally,Chep,20,,M,Spent,,
18,01/06/2017,4,Coachwip Trevally,Chep,17.5,,Can't tell,Can't tell,,
18,01/06/2017,5,Barred flagtail ,Palyew,20,1,M,Sperm,,
18,01/06/2017,6,Coachwip Trevally,Chep,87.5,,M,Spent,,
18,01/06/2017,7,Onespot Snapper,Niteitfarh,28.5,1,F,Eggs,,
18,01/06/2017,8,Smallspotted pompano,Yengang,15,1,Can't tell,Can't tell,,
19,01/06/2017,1,Coachwip Trevally,Chep,17,1,M,Sperm,,
19,01/06/2017,2,Angles mullet,Aiuw,37.5,1,M, Sperm,,
19,01/06/2017,3,Barred flagtail,Pelyaw,20.5,4,M,Sperm,,
19,01/06/2017,4,Barred flagtail,Pelyaw,20,,can't tell,can't tell,,
19,01/06/2017,5,Barred flagtail,Pelyaw,20,,F,Eggs,,
19,01/06/2017,6,Barred flagtail,Pelyaw,18.5,,F,Eggs,,
19,01/06/2017,7,Chub Fish,reon,22,3,F,Spent,,
19,01/06/2017,8,Chub Fish,reon,22,,M ,Sperm,,
19,01/06/2017,9,Chub Fish,reon,23.5,,M,Sperm,,
20,01/06/2017,1,Chub Fish,reon,25,4,F,Spent,,
20,01/06/2017,2,Arrow barracuda,Igaerena,55,1,F,Eggs,,
20,01/06/2017,3,Chub Fish,reon,22.5,,F,Spent,,
20,01/06/2017,4,Banded sergeant fish ,Solobei,16.5,1,F,Eggs,,
20,01/06/2017,5,Chub Fish,reon,20.5,,M,Sperm,,
20,01/06/2017,6,Chub Fish,reon,18.5,,can't tell,can't tell,,
20,01/06/2017,7,coachwip Trevally,Chep,25,1,F,Spent,,
20,01/06/2017,8,four saddle grouper,C Halie,23,1,F,Spent,,
20,01/06/2017,9,fringelip mallet,Araf,21,1,F,Eggs,,
20,01/06/2017,10,Soldier fish,mweon,21,1,F,Eggs,,
20,01/06/2017,11,Surgeon Fish,Mmes,12,1,can't tell,can't tell,,
21,01/06/2017,1,Black tipped grouper,Metaein,21.5,1,F,eggs,,
21,01/06/2017,2,Coachwip Trevally,Chep,20,2,can't tell,can't tell,,
21,01/06/2017,3,Coachwip Trevally,Chep,20,,M,Sperm,,
21,01/06/2017,4,Flagtail Grouper,Aemerhior,17.5,2,M,Sperm,,
21,01/06/2017,5,Flagtail Grouper,Aemerhior,16,,M,Sperm,,
21,01/06/2017,6,four saddle grouper,c halie,24.5,1,M,Sperm,,
21,01/06/2017,7,Soldier fish,Mol,18.5,20,M,Sperm,,
21,01/06/2017,8,Soldier fish,Mol,18,,can't tell,can't tell,,
21,01/06/2017,9,Soldier fish,Mol,20.5,,F,ripe(oozes),,
21,01/06/2017,10,Soldier fish,Mol,17.5,,M,Sperm,,
21,01/06/2017,11,Soldier fish,Mol,23,,M,S,,
21,01/06/2017,12,Soldier fish,Mol,19.5,,M,S,,
21,01/06/2017,13,Soldier fish,Mol,18.5,,F,E ,,
21,01/06/2017,14,Soldier fish,Mol,20,,M,S,,
22,01/06/2017,1,Bronze Swipper,Aeprhoai,20.5,25,F,E,,
22,01/06/2017,2,Bronze Swipper,Aeprhoai,20.5,,F,E,,
22,01/06/2017,3,Bronze Swipper,Aeprhoai,21,,F,E,,
22,01/06/2017,4,Bronze Swipper,Aeprhoai,22,,F,E,,
22,01/06/2017,5,Bronze Swipper,Aeprhoai,20,,F,E,,
22,01/06/2017,6,Coachwip Trevally,Chep,30,4,F,S,,
22,01/06/2017,7,Coachwip Trevally,Chep,20.5,,can't tell,can't tell,,
22,01/06/2017,8,Coachwip Trevally,Chep,21,,can't tell,can't tell,,
22,01/06/2017,9,Coachwip Trevally,Chep,20.5,,can't tell,can't tell,,
22,01/06/2017,10,Glasseye,Lipaw,24,1,M,S,,
22,01/06/2017,11,Soldier fish,Mol,15,1,M,S,,
22,01/06/2017,12,Arrow barracuda,Igaereng,57,1,F,E,,
23,01/06/2017,1,Coachwip Trevally,Chep,22,8,F,Spent,,
23,01/06/2017,2,Coachwip Trevally,Chep,26.5,,F,Spent,,
23,01/06/2017,3,Coachwip Trevally,Chep,20.5,,can't tell,can't tell,,
23,01/06/2017,4,Coachwip Trevally,Chep,17.5,,can't tell,can't tell,,
23,01/06/2017,5,Coachwip Trevally,Chep,19,,M,Sperm,,
23,01/06/2017,6,Coachwip Trevally,Chep,20,,M,Sperm,,
23,01/06/2017,7,Coachwip Trevally,Chep,20,,M,Sperm,,
23,01/06/2017,8,Coachwip Trevally,Chep,20,,M, Sperm,,
24,01/06/2017,1,Soldier fish,mweon,22,29,M,Sperm,,
24,01/06/2017,2,Soldier fish,mweon,15.5,,M,Juvenile,,
24,01/06/2017,3,Soldier fish,mweon,15,,F,Eggs,,
24,01/06/2017,4,Bronze Swipper,Aeprhoai,19,4,M,Sperm,,
24,01/06/2017,5,Bronze Swipper,Aeprhoai,19.5,,can't tell,can't tell,,
24,01/06/2017,6,Bronze Swipper,Aeprhoai,19.5,,F,Eggs,,
24,01/06/2017,7,Coachwip Trevally,Chep,26,3,M,Juvenile,,
24,01/06/2017,8,Coachwip Trevally,Chep,20,,can't tell,can't tell,,
24,01/06/2017,9,Coachwip Trevally,Chep,26,,can't tell,can't tell,,
25,01/06/2017,1,Chub Fish,reon,20.5,2,F,E,,
25,01/06/2017,2,Chub Fish,reon,20,,can't tell,can't tell,,
25,01/06/2017,3,honey comb grouper,halie:a,14,1,can't tell,can't tell,,
25,01/06/2017,4,Angles mullet,Aiuw,20,3,F,Eggs,,
25,01/06/2017,5,Angles mullet,Aiuw,18.5,,M,Sperm,,
25,01/06/2017,6,Angles mullet,Aiuw,18,,F,Eggs,,
25,01/06/2017,7,Barred flagtail ,Palyew,23,2,F,Eggs,,
25,01/06/2017,8,Barred flagtail ,Palyew,18,,M,Sperm,,
25,01/06/2017,9,Black striped cardinal ,nirhop,18.5,1,F,Eggs,,
26,01/06/2017,1,Grouper,Aeni,19.5,9,M,Juvenile,,
26,01/06/2017,2,Grouper,Aeni,19.5,,M,Spent,,
26,01/06/2017,3,Grouper,Aeni,17,,M,Spent,,
26,01/06/2017,4,Big eye Emperor,Masmas,23.5,1,M,Spent,,
26,01/06/2017,5,Grouper,Aeni,18.5,,M,Juvenile,,
26,01/06/2017,6,Flagtail Grouper,Aemerhior,19,2,M,Spent,,
26,01/06/2017,7,Grouper,Aeni,17,,M,Sperm,,
26,01/06/2017,8,Flagtail Grouper,Aemerhior,16,,M,Sperm,,
26,01/06/2017,9,Ringtail wrasse,Nipaeig,26,1,M,Spent,,
26,01/06/2017,10,trigger fish,pwup,19,5,can't tell,can't tell,,
26,01/06/2017,11,trigger fish,pwup,19.5,,M,Spent,,
26,01/06/2017,12,trigger fish,pwup,18,,F,Eggs,,
26,01/06/2017,13,trigger fish,pwup,16,,F,Eggs,,
26,01/06/2017,14,trigger fish,pwup,16.5,,M,Spent,,
27,01/06/2017,1,Black tipped grouper,Metaein,23,5,F,Eggs,,
27,01/06/2017,2,Black tipped grouper,Metaein,24,,M,Spent,,
27,01/06/2017,3,Black tipped grouper,Metaein,23.5,,M,Juvenile,,
27,01/06/2017,4,Black tipped grouper,Metaein,19,,M,Juvenile,,
27,01/06/2017,5,Black tipped grouper,Metaein,21.5,,F,Eggs,,
27,01/06/2017,6,Checker Board Wrasse,Oarang,52,1,M,Spent,,
27,01/06/2017,7,Lyretail Grouper,bela,35,2,M,Spent,,
27,01/06/2017,8,Lyretail Grouper,bela,39,,F,Eggs,,
27,01/06/2017,9,trigger fish,pwupw,22.5,3,M,Spent,,
27,01/06/2017,10,trigger fish,pwupw,16.5,,M,Juvenile,,
27,01/06/2017,11,trigger fish,pwupw,24,,M,Spent,,
28,01/06/2017,1,trigger fish,pwupw,14.5,5,m,spent,,
28,01/06/2017,2,trigger fish,pwupw,16,,f,Eggs,,
28,01/06/2017,3,trigger fish,pwupw,17.5,,m,Sperm,,
28,01/06/2017,4,trigger fish,pwupw,16,,m,Spent,,
28,01/06/2017,5,trigger fish,pwupw,15,,m,spent,,
28,01/06/2017,6,Orange spine unicorn,Pwunuganei,11,1,can't tell,can't tell,,
29,01/06/2017,1,Bigeye Trevally,chepob,24.5,9,m,Spent,,
29,01/06/2017,2,Bigeye Trevally,chepob,24.5,,m,spent,,
29,01/06/2017,3,Bigeye Trevally,chepob,26.5,,m,spent,,
29,01/06/2017,4,Bigeye Trevally,chepob,25,,m,spent,,
29,01/06/2017,5,Bigeye Trevally,chepob,25.5,,m,spent,,
29,01/06/2017,6,Bronze Swipper,Aeprhoai,21,6,f,Eggs,,
29,01/06/2017,7,Bronze Swipper,Aeprhoai,20,,f,Eggs,,
29,01/06/2017,8,Bronze Swipper,Aeprhoai,20.5,,m,spent,,
29,01/06/2017,9,Bronze Swipper,Aeprhoai,17,,m,spent,,
29,01/06/2017,10,Bronze Swipper,Aeprhoai,17.5,,f,Eggs,,
29,01/06/2017,11,Barracuda,boar,52,1,f,Eggs,,
29,01/06/2017,12,Glass eye,niupwoaw A,23.5,1,m,spent,,
29,01/06/2017,13,Soldier fish,Mwol,21.5,26,f,Eggs,,
29,01/06/2017,14,Soldier fish,Mwol,19.5,,f,Eggs,,
29,01/06/2017,15,Soldier fish,Mwol,23,,f,Eggs,,
29,01/06/2017,16,Soldier fish,Mwol,22,,f,Eggs,,
29,01/06/2017,17,Soldier fish,Mwol,14,,m,Spent,,
30,01/06/2017,1,Soldier fish,Mwol,24,24,m,sperm,,
30,01/06/2017,2,Soldier fish,Mwol,20,,m,sperm,,
30,01/06/2017,3,Soldier fish,Mwol,26,,m,sperm,,
30,01/06/2017,4,Soldier fish,Mwol,18,,m,spent,,
30,01/06/2017,5,Soldier fish,Mwol,17,,m,spent,,
30,01/06/2017,6,Bronze Swipper,Aprhoai,18,11,m,sperm,,
30,01/06/2017,7,Bronze Swipper,Aprhoai,20.5,,f,Eggs,,
30,01/06/2017,8,Bronze Swipper,Aprhoai,19,,f,Eggs,,
30,01/06/2017,9,Bronze Swipper,Aprhoai,18,,m,sperm,,
30,01/06/2017,10,Bronze Swipper,Aprhoai,21,,m,sperm,,
30,01/06/2017,11,Bronze Swipper,Aprhoai,19,,f,Eggs,,
30,01/06/2017,12,Bigeye Trevally,chepob,33,5,m,sperm,,
30,01/06/2017,13,Bigeye Trevally,chepob,27,,m,sperm,,
30,01/06/2017,14,Bigeye Trevally,chepob,24,,m,spent,,
30,01/06/2017,15,Bigeye Trevally,chepob,33,,m,spent,,
30,01/06/2017,16,Bigeye Trevally,chepob,19,,m,sperm,,
30,01/06/2017,17,Red snapper ( Lutjanus bohar),mos,30,1,f,Eggs,,
30,01/06/2017,18,Arrow barracuda,Apwai,50,1,f,Eggs,,
31,02/06/2017,1,Black Jack Trevally,Etam,49,1,m,sperm,,
31,02/06/2017,2,Soldier fish,Mwol,18,18,m,sperm,,
31,02/06/2017,3,Soldier fish,Mwol,18,,f,Eggs,,
31,02/06/2017,4,Soldier fish,Mwol,18,,m,sperm,,
31,02/06/2017,5,Soldier fish,Mwol,20.5,,m,spent,,
31,02/06/2017,6,Soldier fish,Mwol,18,,f,Eggs,,
31,02/06/2017,7,Bigeye Trevally,chepob,28,2,m,spent,,
31,02/06/2017,8,Bigeye Trevally,chepob,30,,m,sperm,,
31,02/06/2017,9,Yellowspot emperor,sagiurwarh,25,1,m,sperm,,
32,02/06/2017,1,Chub Fish,reon,26,6,f,Eggs,,
32,02/06/2017,2,Chub Fish,reon,22,,m,sperm,,
32,02/06/2017,3,Chub Fish,reon,22,,f,spent,,
32,02/06/2017,4,Chub Fish,reon,22,,f,spent,,
32,02/06/2017,5,Chub Fish,reon,20,,can't tell,can't tell,,
32,02/06/2017,6,Chub Fish,reon,20,,can't tell,can't tell,,
32,02/06/2017,7,Angles mullet,Aiuw,33,2,f,spent,,
32,02/06/2017,8,Angles mullet,Aiuw,34.5,,f,spent,,
32,02/06/2017,9,Banded sergeant fish ,Sson,16,1,m,sperm,,
33,02/06/2017,1,Smalltooth Jobfish (Aphareus Furca),meroapw,28,1,m,sperm,,
33,02/06/2017,2,Five stripe surge wrasse,Aearhineo,10,1,m,Juvenile,,
34,02/06/2017,1,Chub Fish,reon,25,7,m,sperm,,
34,02/06/2017,2,Chub Fish,reon,20.5,,f,spent,,
34,02/06/2017,3,Chub Fish,reon,20,,m,sperm,,
34,02/06/2017,4,Chub Fish,reon,20.5,,f,spent,,
34,02/06/2017,5,Chub Fish,reon,20.5,,m,sperm,,
34,02/06/2017,6,Chub Fish,reon,20,,m,sperm,,
34,02/06/2017,7,Chub Fish,reon,18.5,,f,Juvenile,,
34,02/06/2017,8,Coachwip Trevally,chep,20,1,can't tell,can't tell,,
35,02/06/2017,1,flagtail grouper,hamarhior,17,8,m,sperm,,
35,02/06/2017,2,flagtail grouper,hamarhior,14,,f,Juvenile,,
35,02/06/2017,3,flagtail grouper,hamarhior,15.5,,f,Juvenile,,
35,02/06/2017,4,flagtail grouper,hamarhior,15,,m,Sperm,,
35,02/06/2017,5,flagtail grouper,hamarhior,15,,f,Juvenile,,
35,02/06/2017,6,flagtail grouper,hamarhior,13,,f,Juvenile,,
35,02/06/2017,7,flagtail grouper,hamarhior,13,,m,Sperm,,
35,02/06/2017,8,flagtail grouper,hamarhior,11.5,,f,Juvenile,,
35,02/06/2017,9,multibarred goatfish,chiugiun,20,4,m,sperm,,
35,02/06/2017,10,multibarred goatfish,chiugiun,17.5,,m,Sperm,,
35,02/06/2017,11,multibarred goatfish,chiugiun,16.5,,s,Juvenile,,
35,02/06/2017,12,multibarred goatfish,chiugiun,15,,f,Eggs,,
36,02/06/2017,1,Black tipped grouper,Metaein,22.5,5,f,Juvenile,,
36,02/06/2017,2,Black tipped grouper,Metaein,18.5,,m,sperm,,
36,02/06/2017,3,Black tipped grouper,Metaein,20.5,,f,Juvenile,,
36,02/06/2017,4,Black tipped grouper,Metaein,19.5,,f,Juvenile,,
36,02/06/2017,5,Black tipped grouper,Metaein,21,,f,Eggs,,
36,02/06/2017,6,multibarred goatfish,chiugiun,23.5,2,m,sperm,,
36,02/06/2017,7,multibarred goatfish,chiugiun,16,,f,Eggs,,
36,02/06/2017,8,trigger fish,pwup,18,1,f,Juvenile,,
37,02/06/2017,1,Soldier fish,Mwol,17,4,f,Eggs,,
37,02/06/2017,2,Soldier fish,Mwol,15.5,,f,Eggs,,
37,02/06/2017,3,Soldier fish,Mwol,20,,m,sperm,,
37,02/06/2017,4,Soldier fish,Mwol,17,,m,Sperm,,
37,02/06/2017,5,Bronze Swipper,Aeprhoai,19,10,f,Eggs,,
37,02/06/2017,6,Bronze Swipper,Aeprhoai,16,,m,Juvenile,,
37,02/06/2017,7,Bronze Swipper,Aeprhoai,19.5,,f,Eggs,,
37,02/06/2017,8,Bronze Swipper,Aeprhoai,17,,m,spent,,
37,02/06/2017,9,Bronze Swipper,Aeprhoai,19,,m,sperm,,
37,02/06/2017,10,blueline snapper,sas,19.5,1,m,sperm,,
37,02/06/2017,11,Red snapper ( Lutjanus bohar),mos,26.5,1,m,Juvenile,,
37,02/06/2017,12,humpback snapper,Masacha,34,1,f,Eggs,,
38,02/06/2017,1,Bigeye Trevally,chepob,28,6,m,sperm,,
38,02/06/2017,2,Bigeye Trevally,chepob,28,,m,sperm,,
38,02/06/2017,3,Bigeye Trevally,chepob,23,,m,spent,,
38,02/06/2017,4,Bigeye Trevally,chepob,33,,m,sperm,,
38,02/06/2017,5,Bigeye Trevally,chepob,31.5,,m,spent,,
38,02/06/2017,6,Soldier fish,Mwol,21,26,m,sperm,,
38,02/06/2017,7,Soldier fish,Mwol,17,,m,Juvenile,,
38,02/06/2017,8,Soldier fish,Mwol,18,,m,spent,,
38,02/06/2017,9,Soldier fish,Mwol,24,,m,sperm,,
38,02/06/2017,10,Soldier fish,Mwol,16.5,,m,spent,,
38,02/06/2017,11,Bronze Swipper,Aeprhoai,18.5,8,m,sperm,,
38,02/06/2017,12,Bronze Swipper,Aeprhoai,21,,f,Eggs,,
38,02/06/2017,13,Bronze Swipper,Aeprhoai,21,,m,spent,,
38,02/06/2017,14,Bronze Swipper,Aeprhoai,18,,f,Eggs,,
38,02/06/2017,15,Bronze Swipper,Aeprhoai,19,,m,sperm,,
38,02/06/2017,16,Black Jack Trevally,Etam,45,1,m,sperm,,
38,02/06/2017,17,Red snapper ( Lutjanus bohar),mos,25,2,m,sperm,,
38,02/06/2017,18,Red snapper ( Lutjanus bohar),mos,27.5,,m,spent,,
38,02/06/2017,19,Glasseye,liubaw,29,1,f,Eggs,,
38,02/06/2017,20,Yellowspot emperor,sagiurwarh,22.5,1,m,Juvenile,,
39,02/06/2017,1,wedge picassofish ,pwup,15.5,4,m,Juvenile,,
39,02/06/2017,2,wedge picassofish ,pwup,14.5,,f,Eggs,,
39,02/06/2017,3,wedge picassofish ,pwup,15.5,,m,spent,,
39,02/06/2017,4,wedge picassofish ,pwup,11.5,,f,Juvenile,,
39,02/06/2017,5,pinktail triggerfish,pwup,17,4,f,Eggs,,
39,02/06/2017,6,pinktail triggerfish,pwup,18,,m,spent,,
39,02/06/2017,7,pinktail triggerfish,pwup,17,,f,Eggs,,
39,02/06/2017,8,pinktail triggerfish,pwup,16,,m,spent,,
39,02/06/2017,9,redtooth triggerfish,pwup,24,5,m,sperm,,
39,02/06/2017,10,redtooth triggerfish,pwup,21.5,,f,Eggs,,
39,02/06/2017,11,redtooth triggerfish,pwup,25,,m,spent,,
39,02/06/2017,12,redtooth triggerfish,pwup,25,,m,sperm,,
39,02/06/2017,13,redtooth triggerfish,pwup,25,,m,spent,,
39,02/06/2017,14,flagtail grouper,hamarhior,13,6,m,sperm,,
39,02/06/2017,15,flagtail grouper,hamarhior,18,,m,sperm,,
39,02/06/2017,16,flagtail grouper,hamarhior,16.5,,m,spent,,
39,02/06/2017,17,hexagon grouper,Aenii,14.5,5,m,spent,,
39,02/06/2017,18,hexagon grouper,Aenii,16.5,,m,spent,,
39,02/06/2017,19,hexagon grouper,Aenii,15,,m,sperm,,
39,02/06/2017,20,hexagon grouper,Aenii,14.5,,m,Juvenile,,
39,02/06/2017,21,Ringtail wrasse,lipwaig,27,3,m,spent,,
39,02/06/2017,22,Ringtail wrasse,lipwaig,25.5,,m,spent,,
39,02/06/2017,23,Ringtail wrasse,lipwaig,18,,f,Juvenile,,
39,02/06/2017,24,Black tipped grouper,Metail,24,4,m,spent,,
39,02/06/2017,25,Black tipped grouper,Metail,19,,f,Juvenile,,
39,02/06/2017,26,Black tipped grouper,Metail,19.5,,m,Juvenile,,
39,02/06/2017,27,Black tipped grouper,Metail,21,,m,spent,,
39,02/06/2017,28,Whitemargin lyretail grouper,bela,37.5,1,m,spent,,
39,02/06/2017,29,Tailspot squirrel fish,Lead : A,16,2,f,Eggs,,
39,02/06/2017,30,Tailspot squirrel fish,Lead : A,15,,m,Juvenile,,
39,02/06/2017,31,Tomato Grouper,lukchap,26,1,f,Eggs,,
39,02/06/2017,32,Orangestripped Trigger fish,pwup,16,,f,Eggs,,
40,02/06/2017,1,trigger fish,pwup,16,8,f,Eggs,,
40,02/06/2017,2,trigger fish,pwup,17.5,,can't tell,can't tell,,
40,02/06/2017,3,trigger fish,pwup,18,,f,Juvenile,,
40,02/06/2017,4,trigger fish,pwup,16.5,,f,Eggs,,
40,02/06/2017,5,trigger fish,pwup,15.5,,f,Eggs,,
40,02/06/2017,6,trigger fish,pwup,18.5,,f,Juvenile,,
40,02/06/2017,7,multibarred goatfish,chiugiun,17,2,can't tell,can't tell,,
40,02/06/2017,8,multibarred goatfish,chiugiun,16.5,,f,Juvenile,,
40,02/06/2017,9,hexagon grouper,halie:b,12.5,1,f,Juvenile,,
40,02/06/2017,10,flagtail grouper,hamarhior,13.5,,f,Juvenile,,
41,02/06/2017,1,Glasseye,Lipaw,26,1,f,Eggs,,
41,02/06/2017,2,Coachwip Trevally,chep,21.5,3,f,spent,,
41,02/06/2017,3,Coachwip Trevally,chep,19,,can't tell,can't tell,,
41,02/06/2017,4,Coachwip Trevally,chep,26,,f,spent,,
41,02/06/2017,5,hexagon grouper,halie:b,16.5,8,f,Eggs,,
41,02/06/2017,6,hexagon grouper,halie:b,16,,m,spent,,
41,02/06/2017,7,hexagon grouper,halie:b,16,,f,Eggs,,
41,02/06/2017,8,hexagon grouper,halie:b,13,,Can't tell,Can't tell,,
41,02/06/2017,9,hexagon grouper,halie:b,12.5,,m,spent,,
41,02/06/2017,10,hexagon grouper,halie:b,12.5,,can't tell,can't tell,,
41,02/06/2017,11,hexagon grouper,halie:b,11.5,,can't tell,can't tell,,
41,02/06/2017,12,hexagon grouper,halie:b,11.5,,can't tell,can't tell,,
41,02/06/2017,13,Banded sergeant fish ,Ssol,13,2,f,eggs,,
41,02/06/2017,14,Banded sergeant fish ,Ssol,13.5,,m,sperm,,
42,03/06/2017,1,Coachwip Trevally,chep,25,4,m,Juvenile,,
42,03/06/2017,2,Coachwip Trevally,chep,20,,f,Juvenile,,
42,03/06/2017,3,Coachwip Trevally,chep,20.5,,f,Juvenile,,
42,03/06/2017,4,Coachwip Trevally,chep,22,,m,sperm,,
42,03/06/2017,5,Bronze Swipper,Aeprhoai,21,4,m,sperm,,
42,03/06/2017,6,Bronze Swipper,Aeprhoai,22,,m,Eggs,,
42,03/06/2017,7,Bronze Swipper,Aeprhoai,23,,f,Juvenile,,
42,03/06/2017,8,Bronze Swipper,Aeprhoai,16,,m,Juvenile,,
42,03/06/2017,9,Soldier fish,mweon,15,2,f,Juvenile,,
42,03/06/2017,10,Soldier fish,mweon,15.5,,f,Eggs,,
43,03/06/2017,1,Yellowfin Tuna,Taguw,69,7,m,sperm,,
43,03/06/2017,2,Yellowfin Tuna,Taguw,70,,F,Juvenile,,
43,03/06/2017,3,Yellowfin Tuna,Taguw,56.5,,m,Juvenile,,
43,03/06/2017,4,Yellowfin Tuna,Taguw,58.5,,F,Eggs,,
43,03/06/2017,5,Yellowfin Tuna,Taguw,52,,m,Juvenile,,
43,03/06/2017,6,Yellowfin Tuna,Taguw,61,,f,Juvenile,,
43,03/06/2017,7,Yellowfin Tuna,Taguw,56.5,,m,Juvenile,,
43,03/06/2017,8,Rainbow runner,foafoa,37,1,f,Eggs,,
44,03/06/2017,1,Soldier fish,mweon,23.5,12,m,sperm,,
44,03/06/2017,2,Soldier fish,mweon,20,,f,ripe ,,
44,03/06/2017,3,Soldier fish,mweon,18.5,,f,Eggs,,
44,03/06/2017,4,Soldier fish,mweon,17.5,,f,ripe ,,
44,03/06/2017,5,Soldier fish,mweon,16.5,,f,Juvenile,,
44,03/06/2017,6,Soldier fish,mweon,17.5,,m,sperm,,
44,03/06/2017,7,Coachwip Trevally,chep,27.5,4,m,Juvenile,,
44,03/06/2017,8,Coachwip Trevally,chep,27.5,,f,sperm,,
44,03/06/2017,9,Coachwip Trevally,chep,27,,f,Eggs,,
44,03/06/2017,10,Coachwip Trevally,chep,26.5,,m,sperm,,
44,03/06/2017,11,Bronze Swipper,Aeprhoai,22.5,2,m,sperm,,
44,03/06/2017,12,Bronze Swipper,Aeprhoai,20.5,8,f,Eggs,,
45,03/06/2017,1,Coachwip Trevally,chep,22,,m,Juvenile,,
45,03/06/2017,2,Coachwip Trevally,chep,19,,m,Juvenile,,
45,03/06/2017,3,Coachwip Trevally,chep,24.5,,m,Sperm,,
45,03/06/2017,4,Coachwip Trevally,chep,24.5,,m,Juvenile,,
45,03/06/2017,5,Coachwip Trevally,chep,22,,f,Juvenile,,
45,03/06/2017,6,Soldier fish,mweon,16,1,f,Eggs,,
45,03/06/2017,7,Bronze Swipper,Aeprhoai,18.5,1,f,Eggs,,
46,04/06/2017,1,Coachwip Trevally,chep,20.5,8,f,Juvenile,,
46,04/06/2017,2,Coachwip Trevally,chep,27,,m,sperm,,
46,04/06/2017,3,Coachwip Trevally,chep,23,,f,Eggs,,
46,04/06/2017,4,Coachwip Trevally,chep,21,,m,Juvenile,,
46,04/06/2017,5,Soldier fish,mweon,20,3,m,sperm,,
46,04/06/2017,6,Soldier fish,mweon,18,,f,Eggs,,
46,04/06/2017,7,Soldier fish,mweon,18,,m,sperm,,
46,04/06/2017,8,Bronze Swipper,Aeprhoai,20,6,m,Juvenile,,
46,04/06/2017,9,Bronze Swipper,Aeprhoai,22,,m,sperm,,
46,04/06/2017,10,Bronze Swipper,Aeprhoai,21,,m,sperm,,
46,04/06/2017,11,Bronze Swipper,Aeprhoai,19,,m,spent,,
46,04/06/2017,12,Bronze Swipper,Aeprhoai,18,,f,Eggs,,
47,04/06/2017,1,Yellowfin Goat fish,womei,26,11,f,ripe(oozes),,
47,04/06/2017,2,Yellowfin Goat fish,womei,25,,f,ripe(oozes),,
47,04/06/2017,3,Yellowfin Goat fish,womei,25,,m,sperm,,
47,04/06/2017,4,Yellowfin Goat fish,womei,24,,f,ripe(oozes),,
47,04/06/2017,5,Yellowspot emperor,tagiurwash,24,17,m,sperm,,
47,04/06/2017,6,Yellowspot emperor,tagiurwash,23,,m,sperm,,
47,04/06/2017,7,Yellowspot emperor,tagiurwash,22,,m,sperm,,
47,04/06/2017,8,Yellowspot emperor,tagiurwash,23,,m,sperm,,
47,04/06/2017,9,Parrot fish,iegel wosh,29,8,f,spent,,
47,04/06/2017,10,Parrot fish,iegel wosh,26,,f,spent,,
47,04/06/2017,11,forktail rabbitfish,neg,20,46,Can't tell,Can't tell,,
47,04/06/2017,12,forktail rabbitfish,neg,21,,m,sperm,,
47,04/06/2017,13,forktail rabbitfish,neg,21,,m,sperm,,
48,04/06/2017,1,coachwip Trevally,chep,25,5,m,spent,,
48,04/06/2017,2,coachwip Trevally,chep,26,,m,spent,,
48,04/06/2017,3,coachwip Trevally,chep,20,,m,Juvenile,,
48,04/06/2017,4,coachwip Trevally,chep,25,,m,spent,,
48,04/06/2017,5,coachwip Trevally,chep,20.5,,m,Juvenile,,
48,04/06/2017,6,Onespot Snapper,niteitfarh,30,1,f,ripe(oozes),,
49,04/06/2017,1,Orangebanned surgeonfish,Marfash,21,29,m,sperm,,
49,04/06/2017,2,Orangebanned surgeonfish,Marfash,22,,can't tell,can't tell,,
49,04/06/2017,3,Orangebanned surgeonfish,Marfash,20,,can't tell,can't tell,,
49,04/06/2017,4,Steephead parrotfish,roow,23,15,f,spent,,
49,04/06/2017,5,Steephead parrotfish,roow,32,,f,spent,,
49,04/06/2017,6,Steephead parrotfish,roow,35,,f,spent,,
49,04/06/2017,7,forktail rabbitfish,neg,28,32,f,eggs,,
49,04/06/2017,8,forktail rabbitfish,neg,27,,m,sperm,,
49,04/06/2017,9,forktail rabbitfish,neg,24,,juvenile,,,
49,04/06/2017,10,Yellowfin Goat fish,womei,23,10,m,sperm,,
49,04/06/2017,11,Yellowfin Goat fish,womei,26,,f,ripe,,
49,04/06/2017,12,Yellowfin Goat fish,womei,23,,f,eggs,,
49,04/06/2017,13,Yellowspot emperor,tagiurwash,22,30,f,eggs,,
49,04/06/2017,14,Yellowspot emperor,tagiurwash,21,,f,eggs,,
49,04/06/2017,15,Yellowspot emperor,tagiurwash,23,,f,eggs,,
49,04/06/2017,16,Orange fin emperor,worbil,35,3,f,eggs,,
49,04/06/2017,17,Orange fin emperor,worbil,33,,f,eggs,,
49,04/06/2017,18,Orange fin emperor,worbil,31,,juvenile,,,
49,04/06/2017,19,Red tooth trigger fish,Limasfelang,22,5,f,spent,,
49,04/06/2017,20,Red tooth trigger fish,Limasfelang,18,,f,spent,,
49,04/06/2017,21,Red tooth trigger fish,Limasfelang,20,,m,sperm,,
49,04/06/2017,22,Striped bristletooth surgeon,Moch,16,2,f,eggs,,
49,04/06/2017,23,Striped bristletooth surgeon,Moch,19,,m,sperm,,
49,04/06/2017,24,Yellowsrtipe goatfish,sownnalo,30,3,m,sperm,,
49,04/06/2017,25,Yellowsrtipe goatfish,sownnalo,29,,m,sperm,,
49,04/06/2017,26,Yellowsrtipe goatfish,sownnalo,24,,juvenile,,,
49,04/06/2017,27,Dragon wrasse,lisheiliel,26,1,f,eggs,,
50,05/06/2017,1,Coachwip Trevally,chep,20,5,m,sperm,,
50,05/06/2017,2,Coachwip Trevally,chep,20.5,,m,Juvenile,,
50,05/06/2017,3,Coachwip Trevally,chep,19,,m,sperm ,,
50,05/06/2017,4,Coachwip Trevally,chep,22,,m,sperm,,
50,05/06/2017,5,Coachwip Trevally,chep,16,,m,Juvenile,,
50,05/06/2017,6,Smallspotted pompano,engaang,16,1,m,Juvenile,,
51,05/06/2017,1,Soldier fish,mweon,16,17,m,sperm,,
51,05/06/2017,2,Soldier fish,mweon,16,,m,sperm,,
51,05/06/2017,3,Soldier fish,mweon,19,,m,sperm,,
51,05/06/2017,4,Soldier fish,mweon,17.5,,m,spent,,
51,05/06/2017,5,Soldier fish,mweon,16,,m,Juvenile,,
51,05/06/2017,6,Bronze Swipper,Aeprhoai,20,6,m,sperm,,
51,05/06/2017,7,Bronze Swipper,Aeprhoai,19.5,,f,Eggs,,
51,05/06/2017,8,Bronze Swipper,Aeprhoai,22,,f,Eggs,,
51,05/06/2017,9,Bronze Swipper,Aeprhoai,22,,f,Eggs,,
51,05/06/2017,10,Bronze Swipper,Aeprhoai,21,,f,Eggs,,
51,05/06/2017,11,Bigeye Trevally,chepob,30,6,m,spent,,
51,05/06/2017,12,Bigeye Trevally,chepob,32,,m,spent,,
51,05/06/2017,13,Bigeye Trevally,chepob,26,,m,spent,,
51,05/06/2017,14,Bigeye Trevally,chepob,21,,f,Juvenile,,
51,05/06/2017,15,Bigeye Trevally,chepob,20.5,,m,sperm,,
51,05/06/2017,16,Glass eye,niupwoaw : a,23,1,m,sperm,,
52,05/06/2017,1,Coachwip Trevally,Chep,31.5,2,M,sperm,,
52,05/06/2017,2,Coachwip Trevally,Chep,19.5,,m,Sperm,,
52,05/06/2017,3,Smallspotted pompano,engang,15,1,m,Juvenile,,
53,05/06/2017,1,Soldier fish,mweon,19,14,m,sperm,,
53,05/06/2017,2,Soldier fish,mweon,17,,m,Juvenile,,
53,05/06/2017,3,Soldier fish,mweon,17.5,,f,Eggs,,
53,05/06/2017,4,Soldier fish,mweon,18,,m,sperm,,
53,05/06/2017,5,Soldier fish,mweon,18,,m,Juvenile,,
53,05/06/2017,6,Orange fin emperor,worpwin,16.5,1,m,sperm,,
53,05/06/2017,7,Smalltooth Jobfish (Aphareus Furca),meraopw,32,1,m,sperm,,
54,05/06/2017,1,Soldier fish,mweon,17,3,m,spent,,
54,05/06/2017,2,Soldier fish,mweon,15,,m,Juvenile,,
54,05/06/2017,3,Soldier fish,mweon,17.5,,m,sperm,,
54,05/06/2017,4,Coachwip Trevally,chep,28.5,2,m,sperm,,
54,05/06/2017,5,Coachwip Trevally,chep,24,,m,sperm,,
54,05/06/2017,6,Glasseye,Lipaw,29.5,2,f,Eggs,,
54,05/06/2017,7,Glasseye,Lipaw,29,,f,Eggs,,
55,05/06/2017,1,Coachwip Trevally,chep,22,8,m,sperm,,
55,05/06/2017,2,Coachwip Trevally,chep,21,,m,sperm,,
55,05/06/2017,3,Coachwip Trevally,chep,23,,m,sperm,,
55,05/06/2017,4,Coachwip Trevally,chep,19.5,,m,sperm,,
55,05/06/2017,5,Coachwip Trevally,chep,16.5,,m,sperm,,
56,05/06/2017,1,Coachwip Trevally,chep,26.5,,m,sperm,,
56,05/06/2017,2,Coachwip Trevally,chep,23,,m,sperm,,
56,05/06/2017,3,Coachwip Trevally,chep,23.5,,f,Eggs,,
56,05/06/2017,4,Coachwip Trevally,chep,26.5,,f,spent,,
56,05/06/2017,5,Coachwip Trevally,chep,25,,f,spent,,
56,05/06/2017,6,Coachwip Trevally,chep,20,,can't tell,can't tell,,
57,05/06/2017,1,Coachwip Trevally,chep,22,6,f,spent,,
57,05/06/2017,2,Coachwip Trevally,chep,20,,f,spent,,
57,05/06/2017,3,Coachwip Trevally,chep,19,,f,spent,,
57,05/06/2017,4,Coachwip Trevally,chep,20,,f,eggs,,
57,05/06/2017,5,Coachwip Trevally,chep,21,,f,eggs,,
57,05/06/2017,6,Smallspotted pompano,engang,28.5,1,can't tell,can't tell,,
57,05/06/2017,7,Chub Fish,reon,24.5,3,f,spent,,
57,05/06/2017,8,Chub Fish,reon,22.5,,can't tell,can't tell,,
57,05/06/2017,9,Chub Fish,reon,22.5,,can't tell,can't tell,,
57,05/06/2017,10,Coachwip Trevally,chep,20,,f,eggs,,
58,06/06/2017,1,Grouper,Anii,16,3,m,spent,,
58,06/06/2017,2,Grouper,Anii,18,,m,sperm,,
58,06/06/2017,3,Grouper,Anii,18,,m,sperm,,
58,06/06/2017,4,Five stripe surge wrasse,Aerhineo,12,2,m,sperm,,
58,06/06/2017,5,Five stripe surge wrasse,Aerhineo,10,,m,sperm,,
59,06/06/2017,1,Black tipped grouper,Metaein,28,10,f,eggs,,
59,06/06/2017,2,Black tipped grouper,Metaein,29.5,,m,sperm,,
59,06/06/2017,3,Black tipped grouper,Metaein,27,,f,eggs,,
59,06/06/2017,4,lyretailgrouper,pwene,29,5,f,eggs,,
59,06/06/2017,5,lyretailgrouper,pwene,30,,f,eggs,,
59,06/06/2017,6,lyretailgrouper,pwene,37,,m,spent,,
59,06/06/2017,7,Tomato Grouper,iigrhep,30,1,m,sperm,,
59,06/06/2017,8,trigger fish,pwup,23,3,Can't tell,Can't tell,,
59,06/06/2017,9,trigger fish,pwup,18.5,,can't tell,can't tell,,
59,06/06/2017,10,trigger fish,pwup,20,,can't tell,can't tell,,
59,06/06/2017,11,yellow spotted trevally,saerrih,34,1,m,sperm,,
60,06/06/2017,1,Black tipped grouper,Metaein,24.5,4,m,spent,,
60,06/06/2017,2,Black tipped grouper,Metaein,25,,m,spent,,
60,06/06/2017,3,Black tipped grouper,Metaein,25.5,,m,spent,,
60,06/06/2017,4,Black tipped grouper,Metaein,22,,m,sperm,,
60,06/06/2017,5,lyretailgrouper,pwene,44,2,m,sperm,,
60,06/06/2017,6,lyretailgrouper,pwene,26,,m,Juvenile,,
60,06/06/2017,7,Tomato Grouper,iugrhap,20.5,3,m,Juvenile,,
60,06/06/2017,8,Tomato Grouper,iugrhap,23,,f,eggs,,
60,06/06/2017,9,Tomato Grouper,iugrhap,16,,m,Juvenile,,
60,06/06/2017,10,trigger fish,pwup,27,,f,eggs,,
60,06/06/2017,11,trigger fish,pwup,15,,f,eggs,,
60,06/06/2017,12,trigger fish,pwup,15,,m,Juvenile,,
60,06/06/2017,13,trigger fish,pwup,16,,m,Juvenile,,
60,06/06/2017,14,trigger fish,pwup,18,,can't tell,can't tell,,
,,,,,,,,,,
,,,,,,,,,,
,,,,,,,,,,
,,,,,,,,,,
,,,,,,,,,,
,,,,,,,,,,
,,,,,,,,,,
,,,,,,,,,,
,,,,,,,,,,
,,,,,,,,,,
,,,,,,,,,,
,,,,,,,,,,
,,,,,,,,,,
,,,,,,,,,,
,,,,,,,,,,
,,,,,,,,,,
,,,,,,,,,,
,,,,,,,,,,
,,,,,,,,,,
,,,,,,,,,,
,,,,,,,,,,
,,,,,,,,,,
,,,,,,,,,,
,,,,,,,,,,
,,,,,,,,,,
,,,,,,,,,,
,,,,,,,,,,
,,,,,,,,,,
,,,,,,,,,,
,,,,,,,,,,
,,,,,,,,,,
,,,,,,,,,,
,,,,,,,,,,
,,,,,,,,,,
,,,,,,,,,,
,,,,,,,,,,
,,,,,,,,,,
,,,,,,,,,,
,,,,,,,,,,
,,,,,,,,,,
,,,,,,,,,,
,,,,,,,,,,
,,,,,,,,,,
,,,,,,,,,,
,,,,,,,,,,
,,,,,,,,,,
,,,,,,,,,,
,,,,,,,,,,
,,,,,,,,,,
,,,,,,,,,,
,,,,,,,,,,
,,,,,,,,,,
,,,,,,,,,,
,,,,,,,,,,
,,,,,,,,,,
,,,,,,,,,,
,,,,,,,,,,
,,,,,,,,,,
,,,,,,,,,,
,,,,,,,,,,
,,,,,,,,,,
,,,,,,,,,,
,,,,,,,,,,
,,,,,,,,,,
,,,,,,,,,,
,,,,,,,,,,
,,,,,,,,,,
,,,,,,,,,,
,,,,,,,,,,
,,,,,,,,,,
,,,,,,,,,,
,,,,,,,,,,
,,,,,,,,,,
,,,,,,,,,,
,,,,,,,,,,
,,,,,,,,,,
,,,,,,,,,,
,,,,,,,,,,
,,,,,,,,,,
,,,,,,,,,,
,,,,,,,,,,
,,,,,,,,,,
,,,,,,,,,,
,,,,,,,,,,
,,,,,,,,,,
,,,,,,,,,,
,,,,,,,,,,
,,,,,,,,,,
,,,,,,,,,,
,,,,,,,,,,
,,,,,,,,,,
,,,,,,,,,,
,,,,,,,,,,
,,,,,,,,,,
,,,,,,,,,,
,,,,,,,,,,
,,,,,,,,,,
,,,,,,,,,,
,,,,,,,,,,
,,,,,,,,,,
,,,,,,,,,,
,,,,,,,,,,
,,,,,,,,,,
,,,,,,,,,,
,,,,,,,,,,
,,,,,,,,,,
,,,,,,,,,,
,,,,,,,,,,
,,,,,,,,,,
,,,,,,,,,,
,,,,,,,,,,
,,,,,,,,,,
,,,,,,,,,,
,,,,,,,,,,
,,,,,,,,,,
,,,,,,,,,,
,,,,,,,,,,
,,,,,,,,,,
,,,,,,,,,,
,,,,,,,,,,
,,,,,,,,,,
,,,,,,,,,,
,,,,,,,,,,
,,,,,,,,,,
,,,,,,,,,,
,,,,,,,,,,
,,,,,,,,,,
,,,,,,,,,,
,,,,,,,,,,
,,,,,,,,,,
,,,,,,,,,,
,,,,,,,,,,
,,,,,,,,,,
,,,,,,,,,,
,,,,,,,,,,
,,,,,,,,,,
,,,,,,,,,,
,,,,,,,,,,
,,,,,,,,,,
,,,,,,,,,,
,,,,,,,,,,
,,,,,,,,,,
,,,,,,,,,,
,,,,,,,,,,
,,,,,,,,,,
,,,,,,,,,,
,,,,,,,,,,
,,,,,,,,,,
,,,,,,,,,,
,,,,,,,,,,
,,,,,,,,,,
,,,,,,,,,,
,,,,,,,,,,
,,,,,,,,,,
,,,,,,,,,,
,,,,,,,,,,
,,,,,,,,,,
,,,,,,,,,,
,,,,,,,,,,
,,,,,,,,,,
,,,,,,,,,,
,,,,,,,,,,
,,,,,,,,,,
,,,,,,,,,,
,,,,,,,,,,
,,,,,,,,,,
,,,,,,,,,,
,,,,,,,,,,
,,,,,,,,,,
,,,,,,,,,,
,,,,,,,,,,
,,,,,,,,,,
,,,,,,,,,,
,,,,,,,,,,
,,,,,,,,,,
,,,,,,,,,,
,,,,,,,,,,
,,,,,,,,,,
,,,,,,,,,,
,,,,,,,,,,
,,,,,,,,,,
,,,,,,,,,,
,,,,,,,,,,
,,,,,,,,,,
,,,,,,,,,,
,,,,,,,,,,
,,,,,,,,,,
,,,,,,,,,,
,,,,,,,,,,
,,,,,,,,,,
,,,,,,,,,,
,,,,,,,,,,
,,,,,,,,,,
,,,,,,,,,,
,,,,,,,,,,
,,,,,,,,,,
,,,,,,,,,,
,,,,,,,,,,
,,,,,,,,,,
,,,,,,,,,,
,,,,,,,,,,
,,,,,,,,,,
,,,,,,,,,,
,,,,,,,,,,
,,,,,,,,,,
,,,,,,,,,,
,,,,,,,,,,
,,,,,,,,,,
,,,,,,,,,,
,,,,,,,,,,
,,,,,,,,,,
,,,,,,,,,,
,,,,,,,,,,
,,,,,,,,,,
,,,,,,,,,,
,,,,,,,,,,
,,,,,,,,,,
,,,,,,,,,,
,,,,,,,,,,
,,,,,,,,,,
,,,,,,,,,,
,,,,,,,,,,
,,,,,,,,,,
,,,,,,,,,,
,,,,,,,,,,
,,,,,,,,,,
,,,,,,,,,,
,,,,,,,,,,
,,,,,,,,,,
,,,,,,,,,,
,,,,,,,,,,
,,,,,,,,,,
,,,,,,,,,,
,,,,,,,,,,
,,,,,,,,,,
,,,,,,,,,,
,,,,,,,,,,
,,,,,,,,,,
,,,,,,,,,,
,,,,,,,,,,
,,,,,,,,,,
,,,,,,,,,,
,,,,,,,,,,
,,,,,,,,,,
,,,,,,,,,,
,,,,,,,,,,
,,,,,,,,,,
,,,,,,,,,,
,,,,,,,,,,
,,,,,,,,,,
,,,,,,,,,,
,,,,,,,,,,
,,,,,,,,,,
,,,,,,,,,,
,,,,,,,,,,
,,,,,,,,,,
,,,,,,,,,,
,,,,,,,,,,
,,,,,,,,,,
,,,,,,,,,,
,,,,,,,,,,
,,,,,,,,,,
,,,,,,,,,,
,,,,,,,,,,
,,,,,,,,,,
,,,,,,,,,,
,,,,,,,,,,
,,,,,,,,,,
,,,,,,,,,,
,,,,,,,,,,
,,,,,,,,,,
,,,,,,,,,,
,,,,,,,,,,
,,,,,,,,,,
,,,,,,,,,,
,,,,,,,,,,
,,,,,,,,,,
,,,,,,,,,,
,,,,,,,,,,
,,,,,,,,,,
,,,,,,,,,,
,,,,,,,,,,
,,,,,,,,,,
,,,,,,,,,,
,,,,,,,,,,
,,,,,,,,,,
,,,,,,,,,,
,,,,,,,,,,
,,,,,,,,,,
,,,,,,,,,,
,,,,,,,,,,
,,,,,,,,,,
,,,,,,,,,,
,,,,,,,,,,
,,,,,,,,,,
,,,,,,,,,,
,,,,,,,,,,
,,,,,,,,,,
,,,,,,,,,,
,,,,,,,,,,
,,,,,,,,,,
,,,,,,,,,,
,,,,,,,,,,
,,,,,,,,,,
,,,,,,,,,,
,,,,,,,,,,
,,,,,,,,,,
,,,,,,,,,,
,,,,,,,,,,
,,,,,,,,,,
,,,,,,,,,,
,,,,,,,,,,
,,,,,,,,,,
,,,,,,,,,,
,,,,,,,,,,
,,,,,,,,,,
,,,,,,,,,,
,,,,,,,,,,
,,,,,,,,,,
,,,,,,,,,,
,,,,,,,,,,
,,,,,,,,,,
,,,,,,,,,,
,,,,,,,,,,
,,,,,,,,,,
,,,,,,,,,,
,,,,,,,,,,
,,,,,,,,,,
,,,,,,,,,,
,,,,,,,,,,
,,,,,,,,,,
,,,,,,,,,,
,,,,,,,,,,
,,,,,,,,,,
,,,,,,,,,,
,,,,,,,,,,
,,,,,,,,,,
,,,,,,,,,,
,,,,,,,,,,
,,,,,,,,,,
,,,,,,,,,,
,,,,,,,,,,
,,,,,,,,,,
,,,,,,,,,,
,,,,,,,,,,
,,,,,,,,,,
,,,,,,,,,,
,,,,,,,,,,
,,,,,,,,,,
,,,,,,,,,,
,,,,,,,,,,
,,,,,,,,,,
,,,,,,,,,,
,,,,,,,,,,
,,,,,,,,,,
,,,,,,,,,,
,,,,,,,,,,
,,,,,,,,,,
,,,,,,,,,,
,,,,,,,,,,
,,,,,,,,,,
,,,,,,,,,,
,,,,,,,,,,
,,,,,,,,,,
,,,,,,,,,,
,,,,,,,,,,
,,,,,,,,,,
,,,,,,,,,,
,,,,,,,,,,
,,,,,,,,,,
,,,,,,,,,,
,,,,,,,,,,
,,,,,,,,,,
,,,,,,,,,,
,,,,,,,,,,
,,,,,,,,,,
,,,,,,,,,,
,,,,,,,,,,
,,,,,,,,,,
,,,,,,,,,,
,,,,,,,,,,
,,,,,,,,,,
,,,,,,,,,,
,,,,,,,,,,
,,,,,,,,,,
,,,,,,,,,,
,,,,,,,,,,
,,,,,,,,,,
,,,,,,,,,,
,,,,,,,,,,
,,,,,,,,,,
,,,,,,,,,,
,,,,,,,,,,
,,,,,,,,,,
,,,,,,,,,,
,,,,,,,,,,
,,,,,,,,,,
,,,,,,,,,,
,,,,,,,,,,
,,,,,,,,,,
,,,,,,,,,,
,,,,,,,,,,
,,,,,,,,,,
,,,,,,,,,,
,,,,,,,,,,
,,,,,,,,,,
,,,,,,,,,,
,,,,,,,,,,
,,,,,,,,,,
,,,,,,,,,,
,,,,,,,,,,
,,,,,,,,,,
,,,,,,,,,,
,,,,,,,,,,
,,,,,,,,,,
,,,,,,,,,,
,,,,,,,,,,
,,,,,,,,,,
,,,,,,,,,,
,,,,,,,,,,
,,,,,,,,,,
,,,,,,,,,,
,,,,,,,,,,
,,,,,,,,,,
,,,,,,,,,,
,,,,,,,,,,
,,,,,,,,,,
,,,,,,,,,,
,,,,,,,,,,
,,,,,,,,,,
,,,,,,,,,,
,,,,,,,,,,
,,,,,,,,,,
,,,,,,,,,,
,,,,,,,,,,
,,,,,,,,,,
,,,,,,,,,,
,,,,,,,,,,
,,,,,,,,,,
,,,,,,,,,,
,,,,,,,,,,
,,,,,,,,,,
,,,,,,,,,,
,,,,,,,,,,
,,,,,,,,,,
,,,,,,,,,,
,,,,,,,,,,
,,,,,,,,,,
,,,,,,,,,,
,,,,,,,,,,
,,,,,,,,,,
,,,,,,,,,,
,,,,,,,,,,
,,,,,,,,,,
,,,,,,,,,,
,,,,,,,,,,
,,,,,,,,,,
,,,,,,,,,,
,,,,,,,,,,
,,,,,,,,,,
,,,,,,,,,,
,,,,,,,,,,
,,,,,,,,,,
,,,,,,,,,,
,,,,,,,,,,
,,,,,,,,,,
,,,,,,,,,,
,,,,,,,,,,
,,,,,,,,,,
,,,,,,,,,,
,,,,,,,,,,
,,,,,,,,,,
,,,,,,,,,,
,,,,,,,,,,
,,,,,,,,,,
,,,,,,,,,,
,,,,,,,,,,
,,,,,,,,,,
,,,,,,,,,,
,,,,,,,,,,
,,,,,,,,,,
,,,,,,,,,,
,,,,,,,,,,
,,,,,,,,,,
,,,,,,,,,,
,,,,,,,,,,
,,,,,,,,,,
,,,,,,,,,,
,,,,,,,,,,
,,,,,,,,,,
,,,,,,,,,,
,,,,,,,,,,
,,,,,,,,,,
,,,,,,,,,,
,,,,,,,,,,
,,,,,,,,,,
,,,,,,,,,,
,,,,,,,,,,
,,,,,,,,,,
,,,,,,,,,,
,,,,,,,,,,
,,,,,,,,,,
,,,,,,,,,,
,,,,,,,,,,
,,,,,,,,,,
,,,,,,,,,,
,,,,,,,,,,
,,,,,,,,,,
,,,,,,,,,,
,,,,,,,,,,
,,,,,,,,,,
,,,,,,,,,,
,,,,,,,,,,
,,,,,,,,,,
,,,,,,,,,,
,,,,,,,,,,
,,,,,,,,,,
,,,,,,,,,,
,,,,,,,,,,
,,,,,,,,,,
,,,,,,,,,,
,,,,,,,,,,
,,,,,,,,,,
,,,,,,,,,,
,,,,,,,,,,
,,,,,,,,,,
,,,,,,,,,,
,,,,,,,,,,
,,,,,,,,,,
,,,,,,,,,,
,,,,,,,,,,
,,,,,,,,,,
,,,,,,,,,,
,,,,,,,,,,
,,,,,,,,,,
,,,,,,,,,,
,,,,,,,,,,
,,,,,,,,,,
,,,,,,,,,,
,,,,,,,,,,
,,,,,,,,,,
,,,,,,,,,,
,,,,,,,,,,
,,,,,,,,,,
,,,,,,,,,,
,,,,,,,,,,
,,,,,,,,,,
,,,,,,,,,,
,,,,,,,,,,
,,,,,,,,,,
,,,,,,,,,,
,,,,,,,,,,
,,,,,,,,,,
,,,,,,,,,,
,,,,,,,,,,
,,,,,,,,,,
,,,,,,,,,,
,,,,,,,,,,
,,,,,,,,,,
,,,,,,,,,,
,,,,,,,,,,
,,,,,,,,,,
,,,,,,,,,,
,,,,,,,,,,
,,,,,,,,,,
,,,,,,,,,,
,,,,,,,,,,
,,,,,,,,,,
,,,,,,,,,,
,,,,,,,,,,
,,,,,,,,,,
,,,,,,,,,,
,,,,,,,,,,
,,,,,,,,,,
,,,,,,,,,,
,,,,,,,,,,
,,,,,,,,,,
,,,,,,,,,,
,,,,,,,,,,
,,,,,,,,,,
,,,,,,,,,,
,,,,,,,,,,
,,,,,,,,,,
,,,,,,,,,,
,,,,,,,,,,
,,,,,,,,,,
,,,,,,,,,,
,,,,,,,,,,
,,,,,,,,,,
,,,,,,,,,,
,,,,,,,,,,
,,,,,,,,,,
,,,,,,,,,,
,,,,,,,,,,
,,,,,,,,,,
,,,,,,,,,,
,,,,,,,,,,
,,,,,,,,,,
,,,,,,,,,,
,,,,,,,,,,
,,,,,,,,,,
,,,,,,,,,,
,,,,,,,,,,
,,,,,,,,,,
,,,,,,,,,,
,,,,,,,,,,
,,,,,,,,,,
,,,,,,,,,,
,,,,,,,,,,
,,,,,,,,,,
,,,,,,,,,,
,,,,,,,,,,
,,,,,,,,,,
,,,,,,,,,,
,,,,,,,,,,
,,,,,,,,,,
,,,,,,,,,,
,,,,,,,,,,
,,,,,,,,,,
,,,,,,,,,,
,,,,,,,,,,
,,,,,,,,,,
,,,,,,,,,,
,,,,,,,,,,
,,,,,,,,,,
,,,,,,,,,,
,,,,,,,,,,
,,,,,,,,,,
,,,,,,,,,,
,,,,,,,,,,
,,,,,,,,,,
,,,,,,,,,,
,,,,,,,,,,
,,,,,,,,,,
,,,,,,,,,,
,,,,,,,,,,
,,,,,,,,,,
,,,,,,,,,,
,,,,,,,,,,
,,,,,,,,,,
,,,,,,,,,,
,,,,,,,,,,
,,,,,,,,,,
,,,,,,,,,,
,,,,,,,,,,
,,,,,,,,,,
,,,,,,,,,,
,,,,,,,,,,
,,,,,,,,,,
,,,,,,,,,,
,,,,,,,,,,
,,,,,,,,,,
,,,,,,,,,,
,,,,,,,,,,
,,,,,,,,,,
,,,,,,,,,,
,,,,,,,,,,
,,,,,,,,,,
,,,,,,,,,,
,,,,,,,,,,
,,,,,,,,,,
,,,,,,,,,,
,,,,,,,,,,
,,,,,,,,,,
,,,,,,,,,,
,,,,,,,,,,
,,,,,,,,,,
,,,,,,,,,,
,,,,,,,,,,
,,,,,,,,,,
,,,,,,,,,,
,,,,,,,,,,
,,,,,,,,,,
,,,,,,,,,,
,,,,,,,,,,
,,,,,,,,,,
,,,,,,,,,,
,,,,,,,,,,
,,,,,,,,,,
,,,,,,,,,,
,,,,,,,,,,
,,,,,,,,,,
,,,,,,,,,,
,,,,,,,,,,
,,,,,,,,,,
,,,,,,,,,,
,,,,,,,,,,
,,,,,,,,,,
,,,,,,,,,,
,,,,,,,,,,
,,,,,,,,,,
,,,,,,,,,,
,,,,,,,,,,
,,,,,,,,,,
,,,,,,,,,,
,,,,,,,,,,
,,,,,,,,,,
,,,,,,,,,,
,,,,,,,,,,
,,,,,,,,,,
,,,,,,,,,,
,,,,,,,,,,
,,,,,,,,,,
,,,,,,,,,,
,,,,,,,,,,
,,,,,,,,,,
,,,,,,,,,,
,,,,,,,,,,
,,,,,,,,,,
,,,,,,,,,,
,,,,,,,,,,
,,,,,,,,,,
,,,,,,,,,,
,,,,,,,,,,
,,,,,,,,,,
,,,,,,,,,,
,,,,,,,,,,
,,,,,,,,,,
,,,,,,,,,,
,,,,,,,,,,
,,,,,,,,,,
,,,,,,,,,,
,,,,,,,,,,
,,,,,,,,,,
,,,,,,,,,,
,,,,,,,,,,
,,,,,,,,,,
,,,,,,,,,,
,,,,,,,,,,
,,,,,,,,,,
,,,,,,,,,,
,,,,,,,,,,
,,,,,,,,,,
,,,,,,,,,,
,,,,,,,,,,
,,,,,,,,,,
,,,,,,,,,,
,,,,,,,,,,
,,,,,,,,,,
,,,,,,,,,,
,,,,,,,,,,
,,,,,,,,,,
,,,,,,,,,,
,,,,,,,,,,
,,,,,,,,,,
,,,,,,,,,,
,,,,,,,,,,
,,,,,,,,,,
,,,,,,,,,,
,,,,,,,,,,
,,,,,,,,,,
,,,,,,,,,,
,,,,,,,,,,
,,,,,,,,,,
,,,,,,,,,,
,,,,,,,,,,
,,,,,,,,,,
,,,,,,,,,,
,,,,,,,,,,
,,,,,,,,,,
,,,,,,,,,,
,,,,,,,,,,
,,,,,,,,,,
,,,,,,,,,,
,,,,,,,,,,
,,,,,,,,,,
,,,,,,,,,,
,,,,,,,,,,
,,,,,,,,,,
,,,,,,,,,,
,,,,,,,,,,
,,,,,,,,,,
,,,,,,,,,,
,,,,,,,,,,
,,,,,,,,,,
,,,,,,,,,,
,,,,,,,,,,
,,,,,,,,,,
,,,,,,,,,,
,,,,,,,,,,
,,,,,,,,,,
,,,,,,,,,,
,,,,,,,,,,
,,,,,,,,,,
,,,,,,,,,,
,,,,,,,,,,
,,,,,,,,,,
,,,,,,,,,,
,,,,,,,,,,
,,,,,,,,,,
,,,,,,,,,,
,,,,,,,,,,
,,,,,,,,,,
,,,,,,,,,,
,,,,,,,,,,
,,,,,,,,,,
,,,,,,,,,,
,,,,,,,,,,
,,,,,,,,,,
,,,,,,,,,,
,,,,,,,,,,
,,,,,,,,,,
,,,,,,,,,,
,,,,,,,,,,
,,,,,,,,,,
,,,,,,,,,,
,,,,,,,,,,
,,,,,,,,,,
,,,,,,,,,,
,,,,,,,,,,
,,,,,,,,,,
,,,,,,,,,,
,,,,,,,,,,
,,,,,,,,,,
,,,,,,,,,,
,,,,,,,,,,
,,,,,,,,,,
,,,,,,,,,,
,,,,,,,,,,
,,,,,,,,,,
,,,,,,,,,,
,,,,,,,,,,
,,,,,,,,,,
,,,,,,,,,,
,,,,,,,,,,
,,,,,,,,,,
,,,,,,,,,,
,,,,,,,,,,
,,,,,,,,,,
,,,,,,,,,,
,,,,,,,,,,
,,,,,,,,,,
,,,,,,,,,,
,,,,,,,,,,
,,,,,,,,,,
,,,,,,,,,,
,,,,,,,,,,
,,,,,,,,,,
,,,,,,,,,,
,,,,,,,,,,
,,,,,,,,,,
,,,,,,,,,,
,,,,,,,,,,
,,,,,,,,,,
,,,,,,,,,,
,,,,,,,,,,
,,,,,,,,,,
,,,,,,,,,,
,,,,,,,,,,
,,,,,,,,,,
,,,,,,,,,,
,,,,,,,,,,
,,,,,,,,,,
,,,,,,,,,,
,,,,,,,,,,
,,,,,,,,,,
,,,,,,,,,,
,,,,,,,,,,
,,,,,,,,,,
,,,,,,,,,,
,,,,,,,,,,
,,,,,,,,,,
,,,,,,,,,,
,,,,,,,,,,
,,,,,,,,,,
,,,,,,,,,,
,,,,,,,,,,
,,,,,,,,,,
,,,,,,,,,,
,,,,,,,,,,
,,,,,,,,,,
,,,,,,,,,,
,,,,,,,,,,
,,,,,,,,,,
,,,,,,,,,,
,,,,,,,,,,
,,,,,,,,,,
,,,,,,,,,,
,,,,,,,,,,
,,,,,,,,,,
,,,,,,,,,,
,,,,,,,,,,
,,,,,,,,,,
,,,,,,,,,,
,,,,,,,,,,
,,,,,,,,,,
,,,,,,,,,,
,,,,,,,,,,
,,,,,,,,,,
,,,,,,,,,,
,,,,,,,,,,
,,,,,,,,,,
,,,,,,,,,,
,,,,,,,,,,
,,,,,,,,,,
,,,,,,,,,,
,,,,,,,,,,
,,,,,,,,,,
,,,,,,,,,,
,,,,,,,,,,
,,,,,,,,,,
,,,,,,,,,,
,,,,,,,,,,
,,,,,,,,,,
,,,,,,,,,,
,,,,,,,,,,
,,,,,,,,,,
,,,,,,,,,,
,,,,,,,,,,
,,,,,,,,,,
,,,,,,,,,,
,,,,,,,,,,
,,,,,,,,,,
,,,,,,,,,,
,,,,,,,,,,
,,,,,,,,,,
,,,,,,,,,,
,,,,,,,,,,
,,,,,,,,,,
,,,,,,,,,,
,,,,,,,,,,
,,,,,,,,,,
,,,,,,,,,,
,,,,,,,,,,
,,,,,,,,,,
,,,,,,,,,,
,,,,,,,,,,
,,,,,,,,,,
,,,,,,,,,,
,,,,,,,,,,
,,,,,,,,,,
,,,,,,,,,,
,,,,,,,,,,
,,,,,,,,,,
,,,,,,,,,,
,,,,,,,,,,
,,,,,,,,,,
,,,,,,,,,,
,,,,,,,,,,
,,,,,,,,,,
,,,,,,,,,,
,,,,,,,,,,
,,,,,,,,,,
,,,,,,,,,,
,,,,,,,,,,
,,,,,,,,,,
,,,,,,,,,,
,,,,,,,,,,
,,,,,,,,,,
,,,,,,,,,,
,,,,,,,,,,
,,,,,,,,,,
,,,,,,,,,,
,,,,,,,,,,
,,,,,,,,,,
,,,,,,,,,,
,,,,,,,,,,
,,,,,,,,,,
,,,,,,,,,,
,,,,,,,,,,
,,,,,,,,,,
,,,,,,,,,,
,,,,,,,,,,
,,,,,,,,,,
,,,,,,,,,,
,,,,,,,,,,
,,,,,,,,,,
,,,,,,,,,,
,,,,,,,,,,
,,,,,,,,,,
,,,,,,,,,,
,,,,,,,,,,
,,,,,,,,,,
,,,,,,,,,,
,,,,,,,,,,
,,,,,,,,,,
,,,,,,,,,,
,,,,,,,,,,
,,,,,,,,,,
,,,,,,,,,,
,,,,,,,,,,
,,,,,,,,,,
,,,,,,,,,,
,,,,,,,,,,
,,,,,,,,,,
,,,,,,,,,,
,,,,,,,,,,
,,,,,,,,,,
,,,,,,,,,,
,,,,,,,,,,
,,,,,,,,,,
,,,,,,,,,,
,,,,,,,,,,
,,,,,,,,,,
,,,,,,,,,,
,,,,,,,,,,
,,,,,,,,,,
,,,,,,,,,,
,,,,,,,,,,
,,,,,,,,,,
,,,,,,,,,,
,,,,,,,,,,
,,,,,,,,,,
,,,,,,,,,,
,,,,,,,,,,
,,,,,,,,,,
,,,,,,,,,,
,,,,,,,,,,
,,,,,,,,,,
,,,,,,,,,,
,,,,,,,,,,
,,,,,,,,,,
,,,,,,,,,,
,,,,,,,,,,
,,,,,,,,,,
,,,,,,,,,,
,,,,,,,,,,
,,,,,,,,,,
,,,,,,,,,,
,,,,,,,,,,
,,,,,,,,,,
,,,,,,,,,,
,,,,,,,,,,
,,,,,,,,,,
,,,,,,,,,,
,,,,,,,,,,
,,,,,,,,,,
,,,,,,,,,,
,,,,,,,,,,
,,,,,,,,,,
,,,,,,,,,,
,,,,,,,,,,
,,,,,,,,,,
,,,,,,,,,,
,,,,,,,,,,
,,,,,,,,,,
,,,,,,,,,,
,,,,,,,,,,
,,,,,,,,,,
,,,,,,,,,,
,,,,,,,,,,
,,,,,,,,,,
,,,,,,,,,,
,,,,,,,,,,
,,,,,,,,,,
,,,,,,,,,,
,,,,,,,,,,
,,,,,,,,,,
,,,,,,,,,,
,,,,,,,,,,
,,,,,,,,,,
,,,,,,,,,,
,,,,,,,,,,
,,,,,,,,,,
,,,,,,,,,,
,,,,,,,,,,
,,,,,,,,,,
,,,,,,,,,,
,,,,,,,,,,
,,,,,,,,,,
,,,,,,,,,,
,,,,,,,,,,
,,,,,,,,,,
,,,,,,,,,,
,,,,,,,,,,
,,,,,,,,,,
,,,,,,,,,,
,,,,,,,,,,
,,,,,,,,,,
,,,,,,,,,,
,,,,,,,,,,
,,,,,,,,,,
,,,,,,,,,,
,,,,,,,,,,
,,,,,,,,,,
,,,,,,,,,,
,,,,,,,,,,
,,,,,,,,,,
,,,,,,,,,,
,,,,,,,,,,
,,,,,,,,,,
,,,,,,,,,,
,,,,,,,,,,
,,,,,,,,,,
,,,,,,,,,,
,,,,,,,,,,
,,,,,,,,,,
,,,,,,,,,,
,,,,,,,,,,
,,,,,,,,,,
,,,,,,,,,,
,,,,,,,,,,
,,,,,,,,,,
,,,,,,,,,,
,,,,,,,,,,
,,,,,,,,,,
,,,,,,,,,,
,,,,,,,,,,
,,,,,,,,,,
,,,,,,,,,,
,,,,,,,,,,
,,,,,,,,,,
,,,,,,,,,,
,,,,,,,,,,
,,,,,,,,,,
,,,,,,,,,,
,,,,,,,,,,
,,,,,,,,,,
,,,,,,,,,,
,,,,,,,,,,
,,,,,,,,,,
,,,,,,,,,,
,,,,,,,,,,
,,,,,,,,,,
,,,,,,,,,,
,,,,,,,,,,
,,,,,,,,,,
,,,,,,,,,,
,,,,,,,,,,
,,,,,,,,,,
,,,,,,,,,,
,,,,,,,,,,
,,,,,,,,,,
,,,,,,,,,,
,,,,,,,,,,
,,,,,,,,,,
,,,,,,,,,,
,,,,,,,,,,
,,,,,,,,,,
,,,,,,,,,,
,,,,,,,,,,
,,,,,,,,,,
,,,,,,,,,,
,,,,,,,,,,
,,,,,,,,,,
,,,,,,,,,,
,,,,,,,,,,
,,,,,,,,,,
,,,,,,,,,,
,,,,,,,,,,
,,,,,,,,,,
,,,,,,,,,,
,,,,,,,,,,
,,,,,,,,,,
,,,,,,,,,,
,,,,,,,,,,
,,,,,,,,,,
,,,,,,,,,,
,,,,,,,,,,
,,,,,,,,,,
,,,,,,,,,,
,,,,,,,,,,
,,,,,,,,,,
,,,,,,,,,,
,,,,,,,,,,
,,,,,,,,,,
,,,,,,,,,,
,,,,,,,,,,
,,,,,,,,,,
,,,,,,,,,,
,,,,,,,,,,
,,,,,,,,,,
,,,,,,,,,,
,,,,,,,,,,
,,,,,,,,,,
,,,,,,,,,,
,,,,,,,,,,
,,,,,,,,,,
,,,,,,,,,,
,,,,,,,,,,
,,,,,,,,,,
,,,,,,,,,,
,,,,,,,,,,
,,,,,,,,,,
,,,,,,,,,,
,,,,,,,,,,
,,,,,,,,,,
,,,,,,,,,,
,,,,,,,,,,
,,,,,,,,,,
,,,,,,,,,,
,,,,,,,,,,
,,,,,,,,,,
,,,,,,,,,,
,,,,,,,,,,
,,,,,,,,,,
,,,,,,,,,,
,,,,,,,,,,
,,,,,,,,,,
,,,,,,,,,,
,,,,,,,,,,
,,,,,,,,,,
,,,,,,,,,,
,,,,,,,,,,
,,,,,,,,,,
,,,,,,,,,,
,,,,,,,,,,
,,,,,,,,,,
,,,,,,,,,,
,,,,,,,,,,
,,,,,,,,,,
,,,,,,,,,,
,,,,,,,,,,
,,,,,,,,,,
,,,,,,,,,,
,,,,,,,,,,
,,,,,,,,,,
,,,,,,,,,,
,,,,,,,,,,
,,,,,,,,,,
,,,,,,,,,,
,,,,,,,,,,
,,,,,,,,,,
,,,,,,,,,,
,,,,,,,,,,
,,,,,,,,,,
,,,,,,,,,,
,,,,,,,,,,
,,,,,,,,,,
,,,,,,,,,,
,,,,,,,,,,
,,,,,,,,,,
,,,,,,,,,,
,,,,,,,,,,
,,,,,,,,,,
,,,,,,,,,,
,,,,,,,,,,
,,,,,,,,,,
,,,,,,,,,,
,,,,,,,,,,
,,,,,,,,,,
,,,,,,,,,,
,,,,,,,,,,
,,,,,,,,,,
,,,,,,,,,,
,,,,,,,,,,
,,,,,,,,,,
,,,,,,,,,,
,,,,,,,,,,
,,,,,,,,,,
,,,,,,,,,,
,,,,,,,,,,
,,,,,,,,,,
,,,,,,,,,,
,,,,,,,,,,
,,,,,,,,,,
,,,,,,,,,,
,,,,,,,,,,
,,,,,,,,,,
,,,,,,,,,,
,,,,,,,,,,
,,,,,,,,,,
,,,,,,,,,,
,,,,,,,,,,
,,,,,,,,,,
,,,,,,,,,,
,,,,,,,,,,
,,,,,,,,,,
,,,,,,,,,,
,,,,,,,,,,
,,,,,,,,,,
,,,,,,,,,,
,,,,,,,,,,
,,,,,,,,,,
,,,,,,,,,,
,,,,,,,,,,
,,,,,,,,,,
,,,,,,,,,,
,,,,,,,,,,
,,,,,,,,,,
,,,,,,,,,,
,,,,,,,,,,
,,,,,,,,,,
,,,,,,,,,,
,,,,,,,,,,
,,,,,,,,,,
,,,,,,,,,,
,,,,,,,,,,
,,,,,,,,,,
,,,,,,,,,,
,,,,,,,,,,
,,,,,,,,,,
,,,,,,,,,,
,,,,,,,,,,
,,,,,,,,,,
,,,,,,,,,,
,,,,,,,,,,
,,,,,,,,,,
,,,,,,,,,,
,,,,,,,,,,
,,,,,,,,,,
,,,,,,,,,,
,,,,,,,,,,
,,,,,,,,,,
,,,,,,,,,,
,,,,,,,,,,
,,,,,,,,,,
,,,,,,,,,,
,,,,,,,,,,
,,,,,,,,,,
,,,,,,,,,,
,,,,,,,,,,
,,,,,,,,,,
,,,,,,,,,,
,,,,,,,,,,
,,,,,,,,,,
,,,,,,,,,,
,,,,,,,,,,
,,,,,,,,,,
,,,,,,,,,,
,,,,,,,,,,
,,,,,,,,,,
,,,,,,,,,,
,,,,,,,,,,
,,,,,,,,,,
,,,,,,,,,,
,,,,,,,,,,
,,,,,,,,,,
,,,,,,,,,,
,,,,,,,,,,
,,,,,,,,,,
,,,,,,,,,,
,,,,,,,,,,
,,,,,,,,,,
,,,,,,,,,,
,,,,,,,,,,
,,,,,,,,,,
,,,,,,,,,,
,,,,,,,,,,
,,,,,,,,,,
,,,,,,,,,,
,,,,,,,,,,
,,,,,,,,,,
,,,,,,,,,,
,,,,,,,,,,
,,,,,,,,,,
,,,,,,,,,,
,,,,,,,,,,
,,,,,,,,,,
,,,,,,,,,,
,,,,,,,,,,
,,,,,,,,,,
,,,,,,,,,,
,,,,,,,,,,
,,,,,,,,,,
,,,,,,,,,,
,,,,,,,,,,
,,,,,,,,,,
,,,,,,,,,,
,,,,,,,,,,
,,,,,,,,,,
,,,,,,,,,,
,,,,,,,,,,
,,,,,,,,,,
,,,,,,,,,,
,,,,,,,,,,
,,,,,,,,,,
,,,,,,,,,,
,,,,,,,,,,
,,,,,,,,,,
,,,,,,,,,,
,,,,,,,,,,
,,,,,,,,,,
,,,,,,,,,,
,,,,,,,,,,
,,,,,,,,,,
,,,,,,,,,,
,,,,,,,,,,
,,,,,,,,,,
,,,,,,,,,,
,,,,,,,,,,
,,,,,,,,,,
,,,,,,,,,,
,,,,,,,,,,
,,,,,,,,,,
,,,,,,,,,,
,,,,,,,,,,
,,,,,,,,,,
,,,,,,,,,,
,,,,,,,,,,
,,,,,,,,,,
,,,,,,,,,,
,,,,,,,,,,
,,,,,,,,,,
,,,,,,,,,,
,,,,,,,,,,
,,,,,,,,,,
,,,,,,,,,,
,,,,,,,,,,
,,,,,,,,,,
,,,,,,,,,,
,,,,,,,,,,
,,,,,,,,,,
,,,,,,,,,,
,,,,,,,,,,
,,,,,,,,,,
,,,,,,,,,,
,,,,,,,,,,
,,,,,,,,,,
,,,,,,,,,,
,,,,,,,,,,
,,,,,,,,,,
,,,,,,,,,,
,,,,,,,,,,
,,,,,,,,,,
,,,,,,,,,,
,,,,,,,,,,
,,,,,,,,,,
,,,,,,,,,,
,,,,,,,,,,
,,,,,,,,,,
,,,,,,,,,,
,,,,,,,,,,
,,,,,,,,,,
,,,,,,,,,,
,,,,,,,,,,
,,,,,,,,,,
,,,,,,,,,,
,,,,,,,,,,
,,,,,,,,,,
,,,,,,,,,,
,,,,,,,,,,
,,,,,,,,,,
,,,,,,,,,,
,,,,,,,,,,
,,,,,,,,,,
,,,,,,,,,,
,,,,,,,,,,
,,,,,,,,,,
,,,,,,,,,,
,,,,,,,,,,
,,,,,,,,,,
,,,,,,,,,,
,,,,,,,,,,
,,,,,,,,,,
,,,,,,,,,,
,,,,,,,,,,
,,,,,,,,,,
,,,,,,,,,,
,,,,,,,,,,
,,,,,,,,,,
,,,,,,,,,,
,,,,,,,,,,
,,,,,,,,,,
,,,,,,,,,,
,,,,,,,,,,
,,,,,,,,,,
,,,,,,,,,,
,,,,,,,,,,
,,,,,,,,,,
,,,,,,,,,,
,,,,,,,,,,
,,,,,,,,,,
,,,,,,,,,,
,,,,,,,,,,
,,,,,,,,,,
,,,,,,,,,,
,,,,,,,,,,
,,,,,,,,,,
,,,,,,,,,,
,,,,,,,,,,
,,,,,,,,,,
,,,,,,,,,,
,,,,,,,,,,
,,,,,,,,,,
,,,,,,,,,,
,,,,,,,,,,
,,,,,,,,,,
,,,,,,,,,,
,,,,,,,,,,
,,,,,,,,,,
,,,,,,,,,,
,,,,,,,,,,
,,,,,,,,,,
,,,,,,,,,,
,,,,,,,,,,
,,,,,,,,,,
,,,,,,,,,,
,,,,,,,,,,
,,,,,,,,,,
,,,,,,,,,,
,,,,,,,,,,
,,,,,,,,,,
,,,,,,,,,,
,,,,,,,,,,
,,,,,,,,,,
,,,,,,,,,,
,,,,,,,,,,
,,,,,,,,,,
,,,,,,,,,,
,,,,,,,,,,
,,,,,,,,,,
,,,,,,,,,,
,,,,,,,,,,
,,,,,,,,,,
,,,,,,,,,,
,,,,,,,,,,
,,,,,,,,,,
,,,,,,,,,,
,,,,,,,,,,
,,,,,,,,,,
,,,,,,,,,,
,,,,,,,,,,
,,,,,,,,,,
,,,,,,,,,,
,,,,,,,,,,
,,,,,,,,,,
,,,,,,,,,,
,,,,,,,,,,
,,,,,,,,,,
,,,,,,,,,,
,,,,,,,,,,
,,,,,,,,,,
,,,,,,,,,,
,,,,,,,,,,
,,,,,,,,,,
,,,,,,,,,,
,,,,,,,,,,
,,,,,,,,,,
,,,,,,,,,,
,,,,,,,,,,
,,,,,,,,,,
,,,,,,,,,,
,,,,,,,,,,
,,,,,,,,,,
,,,,,,,,,,
,,,,,,,,,,
,,,,,,,,,,
,,,,,,,,,,
,,,,,,,,,,
,,,,,,,,,,
,,,,,,,,,,
,,,,,,,,,,
,,,,,,,,,,
,,,,,,,,,,
,,,,,,,,,,
,,,,,,,,,,
,,,,,,,,,,
,,,,,,,,,,
,,,,,,,,,,
,,,,,,,,,,
,,,,,,,,,,
,,,,,,,,,,
,,,,,,,,,,
,,,,,,,,,,
,,,,,,,,,,
,,,,,,,,,,
,,,,,,,,,,
,,,,,,,,,,
,,,,,,,,,,
,,,,,,,,,,
,,,,,,,,,,
,,,,,,,,,,
,,,,,,,,,,
,,,,,,,,,,
,,,,,,,,,,
,,,,,,,,,,
,,,,,,,,,,
,,,,,,,,,,
,,,,,,,,,,
,,,,,,,,,,
,,,,,,,,,,
,,,,,,,,,,
,,,,,,,,,,
,,,,,,,,,,
,,,,,,,,,,
,,,,,,,,,,
,,,,,,,,,,
,,,,,,,,,,
,,,,,,,,,,
,,,,,,,,,,
,,,,,,,,,,
,,,,,,,,,,
,,,,,,,,,,
,,,,,,,,,,
,,,,,,,,,,
,,,,,,,,,,
,,,,,,,,,,
,,,,,,,,,,
,,,,,,,,,,
,,,,,,,,,,
,,,,,,,,,,
,,,,,,,,,,
,,,,,,,,,,
,,,,,,,,,,
,,,,,,,,,,
,,,,,,,,,,
,,,,,,,,,,
,,,,,,,,,,
,,,,,,,,,,
,,,,,,,,,,
,,,,,,,,,,
,,,,,,,,,,
,,,,,,,,,,
,,,,,,,,,,
,,,,,,,,,,
,,,,,,,,,,
,,,,,,,,,,
,,,,,,,,,,
,,,,,,,,,,
,,,,,,,,,,
,,,,,,,,,,
,,,,,,,,,,
,,,,,,,,,,
,,,,,,,,,,
,,,,,,,,,,
,,,,,,,,,,
,,,,,,,,,,
,,,,,,,,,,
,,,,,,,,,,
,,,,,,,,,,
,,,,,,,,,,
,,,,,,,,,,
,,,,,,,,,,
,,,,,,,,,,
,,,,,,,,,,
,,,,,,,,,,
,,,,,,,,,,
,,,,,,,,,,
,,,,,,,,,,
,,,,,,,,,,
,,,,,,,,,,
,,,,,,,,,,
,,,,,,,,,,
,,,,,,,,,,
,,,,,,,,,,
,,,,,,,,,,
,,,,,,,,,,
,,,,,,,,,,
,,,,,,,,,,
,,,,,,,,,,
,,,,,,,,,,
,,,,,,,,,,
,,,,,,,,,,
,,,,,,,,,,
,,,,,,,,,,
,,,,,,,,,,
,,,,,,,,,,
,,,,,,,,,,
,,,,,,,,,,
,,,,,,,,,,
,,,,,,,,,,
,,,,,,,,,,
,,,,,,,,,,
,,,,,,,,,,
,,,,,,,,,,
,,,,,,,,,,
,,,,,,,,,,
,,,,,,,,,,
,,,,,,,,,,
,,,,,,,,,,
,,,,,,,,,,
,,,,,,,,,,
,,,,,,,,,,
,,,,,,,,,,
,,,,,,,,,,
,,,,,,,,,,
,,,,,,,,,,
,,,,,,,,,,
,,,,,,,,,,
,,,,,,,,,,
,,,,,,,,,,
,,,,,,,,,,
,,,,,,,,,,
,,,,,,,,,,
,,,,,,,,,,
,,,,,,,,,,
,,,,,,,,,,
,,,,,,,,,,
,,,,,,,,,,
,,,,,,,,,,
,,,,,,,,,,
,,,,,,,,,,
,,,,,,,,,,
,,,,,,,,,,
,,,,,,,,,,
,,,,,,,,,,
,,,,,,,,,,
,,,,,,,,,,
,,,,,,,,,,
,,,,,,,,,,
,,,,,,,,,,
,,,,,,,,,,
,,,,,,,,,,
,,,,,,,,,,
,,,,,,,,,,
,,,,,,,,,,
,,,,,,,,,,
,,,,,,,,,,
,,,,,,,,,,
,,,,,,,,,,
,,,,,,,,,,
,,,,,,,,,,
,,,,,,,,,,
,,,,,,,,,,
,,,,,,,,,,
,,,,,,,,,,
,,,,,,,,,,
,,,,,,,,,,
,,,,,,,,,,
,,,,,,,,,,
,,,,,,,,,,
,,,,,,,,,,
,,,,,,,,,,
,,,,,,,,,,
,,,,,,,,,,
,,,,,,,,,,
,,,,,,,,,,
,,,,,,,,,,
,,,,,,,,,,
,,,,,,,,,,
,,,,,,,,,,
,,,,,,,,,,
,,,,,,,,,,
,,,,,,,,,,
,,,,,,,,,,
,,,,,,,,,,
,,,,,,,,,,
,,,,,,,,,,
,,,,,,,,,,
,,,,,,,,,,
,,,,,,,,,,
,,,,,,,,,,
,,,,,,,,,,
,,,,,,,,,,
,,,,,,,,,,
,,,,,,,,,,
,,,,,,,,,,
,,,,,,,,,,
,,,,,,,,,,
,,,,,,,,,,
,,,,,,,,,,
,,,,,,,,,,
,,,,,,,,,,
,,,,,,,,,,
,,,,,,,,,,
,,,,,,,,,,
,,,,,,,,,,
,,,,,,,,,,
,,,,,,,,,,
,,,,,,,,,,
,,,,,,,,,,
,,,,,,,,,,
,,,,,,,,,,
,,,,,,,,,,
,,,,,,,,,,
,,,,,,,,,,
,,,,,,,,,,
,,,,,,,,,,
,,,,,,,,,,
,,,,,,,,,,
,,,,,,,,,,
,,,,,,,,,,
,,,,,,,,,,
,,,,,,,,,,
,,,,,,,,,,
,,,,,,,,,,
,,,,,,,,,,
,,,,,,,,,,
,,,,,,,,,,
,,,,,,,,,,
,,,,,,,,,,
,,,,,,,,,,
,,,,,,,,,,
,,,,,,,,,,
,,,,,,,,,,
,,,,,,,,,,
,,,,,,,,,,
,,,,,,,,,,
,,,,,,,,,,
,,,,,,,,,,
,,,,,,,,,,
,,,,,,,,,,
,,,,,,,,,,
,,,,,,,,,,
,,,,,,,,,,
,,,,,,,,,,
,,,,,,,,,,
,,,,,,,,,,
,,,,,,,,,,
,,,,,,,,,,
,,,,,,,,,,
,,,,,,,,,,
,,,,,,,,,,
,,,,,,,,,,
,,,,,,,,,,
,,,,,,,,,,
,,,,,,,,,,
,,,,,,,,,,
,,,,,,,,,,
,,,,,,,,,,
,,,,,,,,,,
,,,,,,,,,,
,,,,,,,,,,
,,,,,,,,,,
,,,,,,,,,,
,,,,,,,,,,
,,,,,,,,,,
,,,,,,,,,,
,,,,,,,,,,
,,,,,,,,,,
,,,,,,,,,,
,,,,,,,,,,
,,,,,,,,,,
,,,,,,,,,,
,,,,,,,,,,
,,,,,,,,,,
,,,,,,,,,,
,,,,,,,,,,
,,,,,,,,,,
,,,,,,,,,,
,,,,,,,,,,
,,,,,,,,,,
,,,,,,,,,,
,,,,,,,,,,
,,,,,,,,,,
,,,,,,,,,,
,,,,,,,,,,
,,,,,,,,,,
,,,,,,,,,,
,,,,,,,,,,
,,,,,,,,,,
,,,,,,,,,,
,,,,,,,,,,
,,,,,,,,,,
,,,,,,,,,,
,,,,,,,,,,
,,,,,,,,,,
,,,,,,,,,,
,,,,,,,,,,
,,,,,,,,,,
,,,,,,,,,,
,,,,,,,,,,
,,,,,,,,,,
,,,,,,,,,,
,,,,,,,,,,
,,,,,,,,,,
,,,,,,,,,,
,,,,,,,,,,
,,,,,,,,,,
,,,,,,,,,,
,,,,,,,,,,
,,,,,,,,,,
,,,,,,,,,,
,,,,,,,,,,
,,,,,,,,,,
,,,,,,,,,,
,,,,,,,,,,
,,,,,,,,,,
,,,,,,,,,,
,,,,,,,,,,
,,,,,,,,,,
,,,,,,,,,,
,,,,,,,,,,
,,,,,,,,,,
,,,,,,,,,,
,,,,,,,,,,
,,,,,,,,,,
,,,,,,,,,,
,,,,,,,,,,
,,,,,,,,,,
,,,,,,,,,,
,,,,,,,,,,
,,,,,,,,,,
,,,,,,,,,,
,,,,,,,,,,
,,,,,,,,,,
,,,,,,,,,,
,,,,,,,,,,
,,,,,,,,,,
,,,,,,,,,,
,,,,,,,,,,
,,,,,,,,,,
,,,,,,,,,,
,,,,,,,,,,
,,,,,,,,,,
,,,,,,,,,,
,,,,,,,,,,
,,,,,,,,,,
,,,,,,,,,,
,,,,,,,,,,
,,,,,,,,,,
,,,,,,,,,,
,,,,,,,,,,
,,,,,,,,,,
,,,,,,,,,,
,,,,,,,,,,
,,,,,,,,,,
,,,,,,,,,,
,,,,,,,,,,
,,,,,,,,,,
,,,,,,,,,,
,,,,,,,,,,
,,,,,,,,,,
,,,,,,,,,,
,,,,,,,,,,
,,,,,,,,,,
,,,,,,,,,,
,,,,,,,,,,
,,,,,,,,,,
,,,,,,,,,,
,,,,,,,,,,
,,,,,,,,,,
,,,,,,,,,,
,,,,,,,,,,
,,,,,,,,,,
,,,,,,,,,,
,,,,,,,,,,
,,,,,,,,,,
,,,,,,,,,,
,,,,,,,,,,
,,,,,,,,,,
,,,,,,,,,,
,,,,,,,,,,
,,,,,,,,,,
,,,,,,,,,,
,,,,,,,,,,
,,,,,,,,,,
,,,,,,,,,,
,,,,,,,,,,
,,,,,,,,,,
,,,,,,,,,,
,,,,,,,,,,
,,,,,,,,,,
,,,,,,,,,,
,,,,,,,,,,
,,,,,,,,,,
,,,,,,,,,,
,,,,,,,,,,
,,,,,,,,,,
,,,,,,,,,,
,,,,,,,,,,
,,,,,,,,,,
,,,,,,,,,,
,,,,,,,,,,
,,,,,,,,,,
,,,,,,,,,,
,,,,,,,,,,
,,,,,,,,,,
,,,,,,,,,,
,,,,,,,,,,
,,,,,,,,,,
,,,,,,,,,,
,,,,,,,,,,
,,,,,,,,,,
,,,,,,,,,,
,,,,,,,,,,
,,,,,,,,,,
,,,,,,,,,,
,,,,,,,,,,
,,,,,,,,,,
,,,,,,,,,,
,,,,,,,,,,
,,,,,,,,,,
,,,,,,,,,,
,,,,,,,,,,
,,,,,,,,,,
,,,,,,,,,,
,,,,,,,,,,
,,,,,,,,,,
,,,,,,,,,,
,,,,,,,,,,
,,,,,,,,,,
,,,,,,,,,,
,,,,,,,,,,
,,,,,,,,,,
,,,,,,,,,,
,,,,,,,,,,
,,,,,,,,,,
,,,,,,,,,,
,,,,,,,,,,
,,,,,,,,,,
,,,,,,,,,,
,,,,,,,,,,
,,,,,,,,,,
,,,,,,,,,,
,,,,,,,,,,
,,,,,,,,,,
,,,,,,,,,,
,,,,,,,,,,
,,,,,,,,,,
,,,,,,,,,,
,,,,,,,,,,
,,,,,,,,,,
,,,,,,,,,,
,,,,,,,,,,
,,,,,,,,,,
,,,,,,,,,,
,,,,,,,,,,
,,,,,,,,,,
,,,,,,,,,,
,,,,,,,,,,
,,,,,,,,,,
,,,,,,,,,,
,,,,,,,,,,
,,,,,,,,,,
,,,,,,,,,,
,,,,,,,,,,
,,,,,,,,,,
,,,,,,,,,,
,,,,,,,,,,
,,,,,,,,,,
,,,,,,,,,,
,,,,,,,,,,
,,,,,,,,,,
,,,,,,,,,,
,,,,,,,,,,
,,,,,,,,,,
,,,,,,,,,,
,,,,,,,,,,
,,,,,,,,,,
,,,,,,,,,,
,,,,,,,,,,
,,,,,,,,,,
,,,,,,,,,,
,,,,,,,,,,
,,,,,,,,,,
,,,,,,,,,,
,,,,,,,,,,
,,,,,,,,,,
,,,,,,,,,,
,,,,,,,,,,
,,,,,,,,,,
,,,,,,,,,,
,,,,,,,,,,
,,,,,,,,,,
,,,,,,,,,,
,,,,,,,,,,
,,,,,,,,,,
,,,,,,,,,,
,,,,,,,,,,
,,,,,,,,,,
,,,,,,,,,,
,,,,,,,,,,
,,,,,,,,,,
,,,,,,,,,,
,,,,,,,,,,
,,,,,,,,,,
,,,,,,,,,,
,,,,,,,,,,
,,,,,,,,,,
,,,,,,,,,,
,,,,,,,,,,
,,,,,,,,,,
,,,,,,,,,,
,,,,,,,,,,
,,,,,,,,,,
,,,,,,,,,,
,,,,,,,,,,
,,,,,,,,,,
,,,,,,,,,,
,,,,,,,,,,
,,,,,,,,,,
,,,,,,,,,,
,,,,,,,,,,
,,,,,,,,,,
,,,,,,,,,,
,,,,,,,,,,
,,,,,,,,,,
,,,,,,,,,,
,,,,,,,,,,
,,,,,,,,,,
,,,,,,,,,,
,,,,,,,,,,
,,,,,,,,,,
,,,,,,,,,,
,,,,,,,,,,
,,,,,,,,,,
,,,,,,,,,,
,,,,,,,,,,
,,,,,,,,,,
,,,,,,,,,,
,,,,,,,,,,
,,,,,,,,,,
,,,,,,,,,,
,,,,,,,,,,
,,,,,,,,,,
,,,,,,,,,,
,,,,,,,,,,
,,,,,,,,,,
,,,,,,,,,,
,,,,,,,,,,
,,,,,,,,,,
,,,,,,,,,,
,,,,,,,,,,
,,,,,,,,,,
,,,,,,,,,,
,,,,,,,,,,
,,,,,,,,,,
,,,,,,,,,,
,,,,,,,,,,
,,,,,,,,,,
,,,,,,,,,,
,,,,,,,,,,
,,,,,,,,,,
,,,,,,,,,,
,,,,,,,,,,
,,,,,,,,,,
,,,,,,,,,,
,,,,,,,,,,
,,,,,,,,,,
,,,,,,,,,,
,,,,,,,,,,
,,,,,,,,,,
,,,,,,,,,,
,,,,,,,,,,
,,,,,,,,,,
,,,,,,,,,,
,,,,,,,,,,
,,,,,,,,,,
,,,,,,,,,,
,,,,,,,,,,
,,,,,,,,,,
,,,,,,,,,,
,,,,,,,,,,
,,,,,,,,,,
,,,,,,,,,,
,,,,,,,,,,
,,,,,,,,,,
,,,,,,,,,,
,,,,,,,,,,
,,,,,,,,,,
,,,,,,,,,,
,,,,,,,,,,
,,,,,,,,,,
,,,,,,,,,,
,,,,,,,,,,
,,,,,,,,,,
,,,,,,,,,,
,,,,,,,,,,
,,,,,,,,,,
,,,,,,,,,,
,,,,,,,,,,
,,,,,,,,,,
,,,,,,,,,,
,,,,,,,,,,
,,,,,,,,,,
,,,,,,,,,,
,,,,,,,,,,
,,,,,,,,,,
,,,,,,,,,,
,,,,,,,,,,
,,,,,,,,,,
,,,,,,,,,,
,,,,,,,,,,
,,,,,,,,,,
,,,,,,,,,,
,,,,,,,,,,
,,,,,,,,,,
,,,,,,,,,,
,,,,,,,,,,
,,,,,,,,,,
,,,,,,,,,,
,,,,,,,,,,
,,,,,,,,,,
,,,,,,,,,,
,,,,,,,,,,
,,,,,,,,,,
,,,,,,,,,,
,,,,,,,,,,
,,,,,,,,,,
,,,,,,,,,,
,,,,,,,,,,
,,,,,,,,,,
,,,,,,,,,,
,,,,,,,,,,
,,,,,,,,,,
,,,,,,,,,,
,,,,,,,,,,
,,,,,,,,,,
,,,,,,,,,,
,,,,,,,,,,
,,,,,,,,,,
,,,,,,,,,,
,,,,,,,,,,
,,,,,,,,,,
,,,,,,,,,,
,,,,,,,,,,
,,,,,,,,,,
,,,,,,,,,,
,,,,,,,,,,
,,,,,,,,,,
,,,,,,,,,,
,,,,,,,,,,
,,,,,,,,,,
,,,,,,,,,,
,,,,,,,,,,
,,,,,,,,,,
,,,,,,,,,,
,,,,,,,,,,
,,,,,,,,,,
,,,,,,,,,,
,,,,,,,,,,
,,,,,,,,,,
,,,,,,,,,,
,,,,,,,,,,
,,,,,,,,,,
,,,,,,,,,,
,,,,,,,,,,
,,,,,,,,,,
,,,,,,,,,,
,,,,,,,,,,
,,,,,,,,,,
,,,,,,,,,,
,,,,,,,,,,
,,,,,,,,,,
,,,,,,,,,,
,,,,,,,,,,
,,,,,,,,,,
,,,,,,,,,,
,,,,,,,,,,
,,,,,,,,,,
,,,,,,,,,,
,,,,,,,,,,
,,,,,,,,,,
,,,,,,,,,,
,,,,,,,,,,
,,,,,,,,,,
,,,,,,,,,,
,,,,,,,,,,
,,,,,,,,,,
,,,,,,,,,,
,,,,,,,,,,
,,,,,,,,,,
,,,,,,,,,,
,,,,,,,,,,
,,,,,,,,,,
,,,,,,,,,,
,,,,,,,,,,
,,,,,,,,,,
,,,,,,,,,,
,,,,,,,,,,
,,,,,,,,,,
,,,,,,,,,,
,,,,,,,,,,
,,,,,,,,,,
,,,,,,,,,,
,,,,,,,,,,
,,,,,,,,,,
,,,,,,,,,,
,,,,,,,,,,
,,,,,,,,,,
,,,,,,,,,,
,,,,,,,,,,
,,,,,,,,,,
,,,,,,,,,,
,,,,,,,,,,
,,,,,,,,,,
,,,,,,,,,,
,,,,,,,,,,
,,,,,,,,,,
,,,,,,,,,,
,,,,,,,,,,
,,,,,,,,,,
,,,,,,,,,,
,,,,,,,,,,
,,,,,,,,,,
,,,,,,,,,,
,,,,,,,,,,
,,,,,,,,,,
,,,,,,,,,,
,,,,,,,,,,
,,,,,,,,,,
,,,,,,,,,,
,,,,,,,,,,
,,,,,,,,,,
,,,,,,,,,,
,,,,,,,,,,
,,,,,,,,,,
,,,,,,,,,,
,,,,,,,,,,
,,,,,,,,,,
,,,,,,,,,,
,,,,,,,,,,
,,,,,,,,,,
,,,,,,,,,,
,,,,,,,,,,
,,,,,,,,,,
,,,,,,,,,,
,,,,,,,,,,
,,,,,,,,,,
,,,,,,,,,,
,,,,,,,,,,
,,,,,,,,,,
,,,,,,,,,,
,,,,,,,,,,
,,,,,,,,,,
,,,,,,,,,,
,,,,,,,,,,
,,,,,,,,,,
,,,,,,,,,,
,,,,,,,,,,
,,,,,,,,,,
,,,,,,,,,,
,,,,,,,,,,
,,,,,,,,,,
,,,,,,,,,,
,,,,,,,,,,
,,,,,,,,,,
,,,,,,,,,,
,,,,,,,,,,
,,,,,,,,,,
,,,,,,,,,,
,,,,,,,,,,
,,,,,,,,,,
,,,,,,,,,,
,,,,,,,,,,
,,,,,,,,,,
,,,,,,,,,,
,,,,,,,,,,
,,,,,,,,,,
,,,,,,,,,,
,,,,,,,,,,
,,,,,,,,,,
,,,,,,,,,,
,,,,,,,,,,
,,,,,,,,,,
,,,,,,,,,,
,,,,,,,,,,
,,,,,,,,,,
,,,,,,,,,,
,,,,,,,,,,
,,,,,,,,,,
,,,,,,,,,,
,,,,,,,,,,
,,,,,,,,,,
,,,,,,,,,,
,,,,,,,,,,
,,,,,,,,,,
,,,,,,,,,,
,,,,,,,,,,
,,,,,,,,,,
,,,,,,,,,,
,,,,,,,,,,
,,,,,,,,,,
,,,,,,,,,,
,,,,,,,,,,
,,,,,,,,,,
,,,,,,,,,,
,,,,,,,,,,
,,,,,,,,,,
,,,,,,,,,,
,,,,,,,,,,
,,,,,,,,,,
,,,,,,,,,,
,,,,,,,,,,
,,,,,,,,,,
,,,,,,,,,,
,,,,,,,,,,
,,,,,,,,,,
,,,,,,,,,,
,,,,,,,,,,
,,,,,,,,,,
,,,,,,,,,,
,,,,,,,,,,
,,,,,,,,,,
,,,,,,,,,,
,,,,,,,,,,
,,,,,,,,,,
,,,,,,,,,,
,,,,,,,,,,
,,,,,,,,,,
,,,,,,,,,,
,,,,,,,,,,
,,,,,,,,,,
,,,,,,,,,,
,,,,,,,,,,
,,,,,,,,,,
,,,,,,,,,,
,,,,,,,,,,
,,,,,,,,,,
,,,,,,,,,,
,,,,,,,,,,
,,,,,,,,,,
,,,,,,,,,,
,,,,,,,,,,
,,,,,,,,,,
,,,,,,,,,,
,,,,,,,,,,
,,,,,,,,,,
,,,,,,,,,,
,,,,,,,,,,
,,,,,,,,,,
,,,,,,,,,,
,,,,,,,,,,
,,,,,,,,,,
,,,,,,,,,,
,,,,,,,,,,
,,,,,,,,,,
,,,,,,,,,,
,,,,,,,,,,
,,,,,,,,,,
,,,,,,,,,,
,,,,,,,,,,
,,,,,,,,,,
,,,,,,,,,,
,,,,,,,,,,
,,,,,,,,,,
,,,,,,,,,,
,,,,,,,,,,
,,,,,,,,,,
,,,,,,,,,,
,,,,,,,,,,
,,,,,,,,,,
,,,,,,,,,,
,,,,,,,,,,
,,,,,,,,,,
,,,,,,,,,,
,,,,,,,,,,
,,,,,,,,,,
,,,,,,,,,,
,,,,,,,,,,
,,,,,,,,,,
,,,,,,,,,,
,,,,,,,,,,
,,,,,,,,,,
,,,,,,,,,,
,,,,,,,,,,
,,,,,,,,,,
,,,,,,,,,,
,,,,,,,,,,
,,,,,,,,,,
,,,,,,,,,,
,,,,,,,,,,
,,,,,,,,,,
,,,,,,,,,,
,,,,,,,,,,
,,,,,,,,,,
,,,,,,,,,,
,,,,,,,,,,
,,,,,,,,,,
,,,,,,,,,,
,,,,,,,,,,
,,,,,,,,,,
,,,,,,,,,,
,,,,,,,,,,
,,,,,,,,,,
,,,,,,,,,,
,,,,,,,,,,
,,,,,,,,,,
,,,,,,,,,,
,,,,,,,,,,
,,,,,,,,,,
,,,,,,,,,,
,,,,,,,,,,
,,,,,,,,,,
,,,,,,,,,,
,,,,,,,,,,
,,,,,,,,,,
,,,,,,,,,,
,,,,,,,,,,
,,,,,,,,,,
,,,,,,,,,,
,,,,,,,,,,
,,,,,,,,,,
,,,,,,,,,,
,,,,,,,,,,
,,,,,,,,,,
,,,,,,,,,,
,,,,,,,,,,
,,,,,,,,,,
,,,,,,,,,,
,,,,,,,,,,
,,,,,,,,,,
,,,,,,,,,,
,,,,,,,,,,
,,,,,,,,,,
,,,,,,,,,,
,,,,,,,,,,
,,,,,,,,,,
,,,,,,,,,,
,,,,,,,,,,
,,,,,,,,,,
,,,,,,,,,,
,,,,,,,,,,
,,,,,,,,,,
,,,,,,,,,,
,,,,,,,,,,
,,,,,,,,,,
,,,,,,,,,,
,,,,,,,,,,
,,,,,,,,,,
,,,,,,,,,,
,,,,,,,,,,
,,,,,,,,,,
,,,,,,,,,,
,,,,,,,,,,
,,,,,,,,,,
,,,,,,,,,,
,,,,,,,,,,
,,,,,,,,,,
,,,,,,,,,,
,,,,,,,,,,
,,,,,,,,,,
,,,,,,,,,,
,,,,,,,,,,
,,,,,,,,,,
,,,,,,,,,,
,,,,,,,,,,
,,,,,,,,,,
,,,,,,,,,,
,,,,,,,,,,
,,,,,,,,,,
,,,,,,,,,,
,,,,,,,,,,
,,,,,,,,,,
,,,,,,,,,,
,,,,,,,,,,
,,,,,,,,,,
,,,,,,,,,,
,,,,,,,,,,
,,,,,,,,,,
,,,,,,,,,,
,,,,,,,,,,
,,,,,,,,,,
,,,,,,,,,,
,,,,,,,,,,
,,,,,,,,,,
,,,,,,,,,,
,,,,,,,,,,
,,,,,,,,,,
,,,,,,,,,,
,,,,,,,,,,
,,,,,,,,,,
,,,,,,,,,,
,,,,,,,,,,
,,,,,,,,,,
,,,,,,,,,,
,,,,,,,,,,
,,,,,,,,,,
,,,,,,,,,,
,,,,,,,,,,
,,,,,,,,,,
,,,,,,,,,,
,,,,,,,,,,
,,,,,,,,,,
,,,,,,,,,,
,,,,,,,,,,
,,,,,,,,,,
,,,,,,,,,,
,,,,,,,,,,
,,,,,,,,,,
,,,,,,,,,,
,,,,,,,,,,
,,,,,,,,,,
,,,,,,,,,,
,,,,,,,,,,
,,,,,,,,,,
,,,,,,,,,,
,,,,,,,,,,
,,,,,,,,,,
,,,,,,,,,,
,,,,,,,,,,
,,,,,,,,,,
,,,,,,,,,,
,,,,,,,,,,
,,,,,,,,,,
,,,,,,,,,,
,,,,,,,,,,
,,,,,,,,,,
,,,,,,,,,,
,,,,,,,,,,
,,,,,,,,,,
,,,,,,,,,,
,,,,,,,,,,
,,,,,,,,,,
,,,,,,,,,,
,,,,,,,,,,
,,,,,,,,,,
,,,,,,,,,,
,,,,,,,,,,
,,,,,,,,,,
,,,,,,,,,,
,,,,,,,,,,
,,,,,,,,,,
,,,,,,,,,,
,,,,,,,,,,
,,,,,,,,,,
,,,,,,,,,,
,,,,,,,,,,
,,,,,,,,,,
,,,,,,,,,,
,,,,,,,,,,
,,,,,,,,,,
,,,,,,,,,,
,,,,,,,,,,
,,,,,,,,,,
,,,,,,,,,,
,,,,,,,,,,
,,,,,,,,,,
,,,,,,,,,,
,,,,,,,,,,
,,,,,,,,,,
,,,,,,,,,,
,,,,,,,,,,
,,,,,,,,,,
,,,,,,,,,,
,,,,,,,,,,
,,,,,,,,,,
,,,,,,,,,,
,,,,,,,,,,
,,,,,,,,,,
,,,,,,,,,,
,,,,,,,,,,
,,,,,,,,,,
,,,,,,,,,,
,,,,,,,,,,
,,,,,,,,,,
,,,,,,,,,,
,,,,,,,,,,
,,,,,,,,,,
,,,,,,,,,,
,,,,,,,,,,
,,,,,,,,,,
,,,,,,,,,,
,,,,,,,,,,
,,,,,,,,,,
,,,,,,,,,,
,,,,,,,,,,
,,,,,,,,,,
,,,,,,,,,,
,,,,,,,,,,
,,,,,,,,,,
,,,,,,,,,,
,,,,,,,,,,
,,,,,,,,,,
,,,,,,,,,,
,,,,,,,,,,
,,,,,,,,,,
,,,,,,,,,,
,,,,,,,,,,
,,,,,,,,,,
,,,,,,,,,,
,,,,,,,,,,
,,,,,,,,,,
,,,,,,,,,,
,,,,,,,,,,
,,,,,,,,,,
,,,,,,,,,,
,,,,,,,,,,
,,,,,,,,,,
,,,,,,,,,,
,,,,,,,,,,
,,,,,,,,,,
,,,,,,,,,,
,,,,,,,,,,
,,,,,,,,,,
,,,,,,,,,,
,,,,,,,,,,
,,,,,,,,,,
,,,,,,,,,,
,,,,,,,,,,
,,,,,,,,,,
,,,,,,,,,,
,,,,,,,,,,
,,,,,,,,,,
,,,,,,,,,,
,,,,,,,,,,
,,,,,,,,,,
,,,,,,,,,,
,,,,,,,,,,
,,,,,,,,,,
,,,,,,,,,,
,,,,,,,,,,
,,,,,,,,,,
,,,,,,,,,,
,,,,,,,,,,
,,,,,,,,,,
,,,,,,,,,,
,,,,,,,,,,
,,,,,,,,,,
,,,,,,,,,,
,,,,,,,,,,
,,,,,,,,,,
,,,,,,,,,,
,,,,,,,,,,
,,,,,,,,,,
,,,,,,,,,,
,,,,,,,,,,
,,,,,,,,,,
,,,,,,,,,,
,,,,,,,,,,
,,,,,,,,,,
,,,,,,,,,,
,,,,,,,,,,
,,,,,,,,,,
,,,,,,,,,,
,,,,,,,,,,
,,,,,,,,,,
,,,,,,,,,,
,,,,,,,,,,
,,,,,,,,,,
,,,,,,,,,,
,,,,,,,,,,
,,,,,,,,,,
,,,,,,,,,,
,,,,,,,,,,
,,,,,,,,,,
,,,,,,,,,,
,,,,,,,,,,
,,,,,,,,,,
,,,,,,,,,,
,,,,,,,,,,
,,,,,,,,,,
,,,,,,,,,,
,,,,,,,,,,
,,,,,,,,,,
,,,,,,,,,,
,,,,,,,,,,
,,,,,,,,,,
,,,,,,,,,,
,,,,,,,,,,
,,,,,,,,,,
,,,,,,,,,,
,,,,,,,,,,
,,,,,,,,,,
,,,,,,,,,,
,,,,,,,,,,
,,,,,,,,,,
,,,,,,,,,,
,,,,,,,,,,
,,,,,,,,,,
,,,,,,,,,,
,,,,,,,,,,
,,,,,,,,,,
,,,,,,,,,,
,,,,,,,,,,
,,,,,,,,,,
,,,,,,,,,,
,,,,,,,,,,
,,,,,,,,,,
,,,,,,,,,,
,,,,,,,,,,
,,,,,,,,,,
,,,,,,,,,,
,,,,,,,,,,
,,,,,,,,,,
,,,,,,,,,,
,,,,,,,,,,
,,,,,,,,,,
,,,,,,,,,,
,,,,,,,,,,
,,,,,,,,,,
,,,,,,,,,,
,,,,,,,,,,
,,,,,,,,,,
,,,,,,,,,,
,,,,,,,,,,
,,,,,,,,,,
,,,,,,,,,,
,,,,,,,,,,
,,,,,,,,,,
,,,,,,,,,,
,,,,,,,,,,
,,,,,,,,,,
,,,,,,,,,,
,,,,,,,,,,
,,,,,,,,,,
,,,,,,,,,,
,,,,,,,,,,
,,,,,,,,,,
,,,,,,,,,,
,,,,,,,,,,
,,,,,,,,,,
,,,,,,,,,,
,,,,,,,,,,
,,,,,,,,,,
,,,,,,,,,,
,,,,,,,,,,
,,,,,,,,,,
,,,,,,,,,,
,,,,,,,,,,
,,,,,,,,,,
,,,,,,,,,,
,,,,,,,,,,
,,,,,,,,,,
,,,,,,,,,,
,,,,,,,,,,
,,,,,,,,,,
,,,,,,,,,,
,,,,,,,,,,
,,,,,,,,,,
,,,,,,,,,,
,,,,,,,,,,
,,,,,,,,,,
,,,,,,,,,,
,,,,,,,,,,
,,,,,,,,,,
,,,,,,,,,,
,,,,,,,,,,
,,,,,,,,,,
,,,,,,,,,,
,,,,,,,,,,
,,,,,,,,,,
,,,,,,,,,,
,,,,,,,,,,
,,,,,,,,,,
,,,,,,,,,,
,,,,,,,,,,
,,,,,,,,,,
,,,,,,,,,,
,,,,,,,,,,
,,,,,,,,,,
,,,,,,,,,,
,,,,,,,,,,
,,,,,,,,,,
,,,,,,,,,,
,,,,,,,,,,
,,,,,,,,,,
,,,,,,,,,,
,,,,,,,,,,
,,,,,,,,,,
,,,,,,,,,,
,,,,,,,,,,
,,,,,,,,,,
,,,,,,,,,,
,,,,,,,,,,
,,,,,,,,,,
,,,,,,,,,,
,,,,,,,,,,
,,,,,,,,,,
,,,,,,,,,,
,,,,,,,,,,
,,,,,,,,,,
,,,,,,,,,,
,,,,,,,,,,
,,,,,,,,,,
,,,,,,,,,,
,,,,,,,,,,
,,,,,,,,,,
,,,,,,,,,,
,,,,,,,,,,
,,,,,,,,,,
,,,,,,,,,,
,,,,,,,,,,
,,,,,,,,,,
,,,,,,,,,,
,,,,,,,,,,
,,,,,,,,,,
,,,,,,,,,,
,,,,,,,,,,
,,,,,,,,,,
,,,,,,,,,,
,,,,,,,,,,
,,,,,,,,,,
,,,,,,,,,,
,,,,,,,,,,
,,,,,,,,,,
,,,,,,,,,,
,,,,,,,,,,
,,,,,,,,,,
,,,,,,,,,,
,,,,,,,,,,
,,,,,,,,,,
,,,,,,,,,,
,,,,,,,,,,
,,,,,,,,,,
,,,,,,,,,,
,,,,,,,,,,
,,,,,,,,,,
,,,,,,,,,,
,,,,,,,,,,
,,,,,,,,,,
,,,,,,,,,,
,,,,,,,,,,
,,,,,,,,,,
,,,,,,,,,,
,,,,,,,,,,
,,,,,,,,,,
,,,,,,,,,,
,,,,,,,,,,
,,,,,,,,,,
,,,,,,,,,,
,,,,,,,,,,
,,,,,,,,,,
,,,,,,,,,,
,,,,,,,,,,
,,,,,,,,,,
,,,,,,,,,,
,,,,,,,,,,
,,,,,,,,,,
,,,,,,,,,,
,,,,,,,,,,
,,,,,,,,,,
,,,,,,,,,,
,,,,,,,,,,
,,,,,,,,,,
,,,,,,,,,,
,,,,,,,,,,
,,,,,,,,,,
,,,,,,,,,,
,,,,,,,,,,
,,,,,,,,,,
,,,,,,,,,,
,,,,,,,,,,
,,,,,,,,,,
,,,,,,,,,,
,,,,,,,,,,
,,,,,,,,,,
,,,,,,,,,,
,,,,,,,,,,
,,,,,,,,,,
,,,,,,,,,,
,,,,,,,,,,
,,,,,,,,,,
,,,,,,,,,,
,,,,,,,,,,
,,,,,,,,,,
,,,,,,,,,,
,,,,,,,,,,
,,,,,,,,,,
,,,,,,,,,,
,,,,,,,,,,
,,,,,,,,,,
,,,,,,,,,,
,,,,,,,,,,
,,,,,,,,,,
,,,,,,,,,,
,,,,,,,,,,
,,,,,,,,,,
,,,,,,,,,,
,,,,,,,,,,
,,,,,,,,,,
,,,,,,,,,,
,,,,,,,,,,
,,,,,,,,,,
,,,,,,,,,,
,,,,,,,,,,
,,,,,,,,,,
,,,,,,,,,,
,,,,,,,,,,
,,,,,,,,,,
,,,,,,,,,,
,,,,,,,,,,
,,,,,,,,,,
,,,,,,,,,,
,,,,,,,,,,
,,,,,,,,,,
,,,,,,,,,,
,,,,,,,,,,
,,,,,,,,,,
,,,,,,,,,,
,,,,,,,,,,
,,,,,,,,,,
,,,,,,,,,,
,,,,,,,,,,
,,,,,,,,,,
,,,,,,,,,,
,,,,,,,,,,
,,,,,,,,,,
,,,,,,,,,,
,,,,,,,,,,
,,,,,,,,,,
,,,,,,,,,,
,,,,,,,,,,
,,,,,,,,,,
,,,,,,,,,,
,,,,,,,,,,
,,,,,,,,,,
,,,,,,,,,,
,,,,,,,,,,
,,,,,,,,,,
,,,,,,,,,,
,,,,,,,,,,
,,,,,,,,,,
,,,,,,,,,,
,,,,,,,,,,
,,,,,,,,,,
,,,,,,,,,,
,,,,,,,,,,
,,,,,,,,,,
,,,,,,,,,,
,,,,,,,,,,
,,,,,,,,,,
,,,,,,,,,,
,,,,,,,,,,
,,,,,,,,,,
,,,,,,,,,,
,,,,,,,,,,
,,,,,,,,,,
,,,,,,,,,,
,,,,,,,,,,
,,,,,,,,,,
,,,,,,,,,,
,,,,,,,,,,
,,,,,,,,,,
,,,,,,,,,,
,,,,,,,,,,
,,,,,,,,,,
,,,,,,,,,,
,,,,,,,,,,
,,,,,,,,,,
,,,,,,,,,,
,,,,,,,,,,
,,,,,,,,,,
,,,,,,,,,,
,,,,,,,,,,
,,,,,,,,,,
,,,,,,,,,,
,,,,,,,,,,
,,,,,,,,,,
,,,,,,,,,,
,,,,,,,,,,
,,,,,,,,,,
,,,,,,,,,,
,,,,,,,,,,
,,,,,,,,,,
,,,,,,,,,,
,,,,,,,,,,
,,,,,,,,,,
,,,,,,,,,,
,,,,,,,,,,
,,,,,,,,,,
,,,,,,,,,,
,,,,,,,,,,
,,,,,,,,,,
,,,,,,,,,,
,,,,,,,,,,
,,,,,,,,,,
,,,,,,,,,,
,,,,,,,,,,
,,,,,,,,,,
,,,,,,,,,,
,,,,,,,,,,
,,,,,,,,,,
,,,,,,,,,,
,,,,,,,,,,
,,,,,,,,,,
,,,,,,,,,,
,,,,,,,,,,
,,,,,,,,,,
,,,,,,,,,,
,,,,,,,,,,
,,,,,,,,,,
,,,,,,,,,,
,,,,,,,,,,
,,,,,,,,,,
,,,,,,,,,,
,,,,,,,,,,
,,,,,,,,,,
,,,,,,,,,,
,,,,,,,,,,
,,,,,,,,,,
,,,,,,,,,,
,,,,,,,,,,
,,,,,,,,,,
,,,,,,,,,,
,,,,,,,,,,
,,,,,,,,,,
,,,,,,,,,,
,,,,,,,,,,
,,,,,,,,,,
,,,,,,,,,,
,,,,,,,,,,
,,,,,,,,,,
,,,,,,,,,,
,,,,,,,,,,
,,,,,,,,,,
,,,,,,,,,,
,,,,,,,,,,
,,,,,,,,,,
,,,,,,,,,,
,,,,,,,,,,
,,,,,,,,,,
,,,,,,,,,,
,,,,,,,,,,
,,,,,,,,,,
,,,,,,,,,,
,,,,,,,,,,
,,,,,,,,,,
,,,,,,,,,,
,,,,,,,,,,
,,,,,,,,,,
,,,,,,,,,,
,,,,,,,,,,
,,,,,,,,,,
,,,,,,,,,,
,,,,,,,,,,
,,,,,,,,,,
,,,,,,,,,,
,,,,,,,,,,
,,,,,,,,,,
,,,,,,,,,,
,,,,,,,,,,
,,,,,,,,,,
,,,,,,,,,,
,,,,,,,,,,
,,,,,,,,,,
,,,,,,,,,,
,,,,,,,,,,
,,,,,,,,,,
,,,,,,,,,,
,,,,,,,,,,
,,,,,,,,,,
,,,,,,,,,,
,,,,,,,,,,
,,,,,,,,,,
,,,,,,,,,,
,,,,,,,,,,
,,,,,,,,,,
,,,,,,,,,,
,,,,,,,,,,
,,,,,,,,,,
,,,,,,,,,,
,,,,,,,,,,
,,,,,,,,,,
,,,,,,,,,,
,,,,,,,,,,
,,,,,,,,,,
,,,,,,,,,,
,,,,,,,,,,
,,,,,,,,,,
,,,,,,,,,,
,,,,,,,,,,
,,,,,,,,,,
,,,,,,,,,,
,,,,,,,,,,
,,,,,,,,,,
,,,,,,,,,,
,,,,,,,,,,
,,,,,,,,,,
,,,,,,,,,,
,,,,,,,,,,
,,,,,,,,,,
,,,,,,,,,,
,,,,,,,,,,
,,,,,,,,,,
,,,,,,,,,,
,,,,,,,,,,
,,,,,,,,,,
,,,,,,,,,,
,,,,,,,,,,
,,,,,,,,,,
,,,,,,,,,,
,,,,,,,,,,
,,,,,,,,,,
,,,,,,,,,,
,,,,,,,,,,
,,,,,,,,,,
,,,,,,,,,,
,,,,,,,,,,
,,,,,,,,,,
,,,,,,,,,,
,,,,,,,,,,
,,,,,,,,,,
,,,,,,,,,,
,,,,,,,,,,
,,,,,,,,,,
,,,,,,,,,,
,,,,,,,,,,
,,,,,,,,,,
,,,,,,,,,,
,,,,,,,,,,
,,,,,,,,,,
,,,,,,,,,,
,,,,,,,,,,
,,,,,,,,,,
,,,,,,,,,,
,,,,,,,,,,
,,,,,,,,,,
,,,,,,,,,,
,,,,,,,,,,
,,,,,,,,,,
,,,,,,,,,,
,,,,,,,,,,
,,,,,,,,,,
,,,,,,,,,,
,,,,,,,,,,
,,,,,,,,,,
,,,,,,,,,,
,,,,,,,,,,
,,,,,,,,,,
,,,,,,,,,,
,,,,,,,,,,
,,,,,,,,,,
,,,,,,,,,,
,,,,,,,,,,
,,,,,,,,,,
,,,,,,,,,,
,,,,,,,,,,
,,,,,,,,,,
,,,,,,,,,,
,,,,,,,,,,
,,,,,,,,,,
,,,,,,,,,,
,,,,,,,,,,
,,,,,,,,,,
,,,,,,,,,,
,,,,,,,,,,
,,,,,,,,,,
,,,,,,,,,,
,,,,,,,,,,
,,,,,,,,,,
,,,,,,,,,,
,,,,,,,,,,
,,,,,,,,,,
,,,,,,,,,,
,,,,,,,,,,
,,,,,,,,,,
,,,,,,,,,,
,,,,,,,,,,
,,,,,,,,,,
,,,,,,,,,,
,,,,,,,,,,
,,,,,,,,,,
,,,,,,,,,,
,,,,,,,,,,
,,,,,,,,,,
,,,,,,,,,,
,,,,,,,,,,
,,,,,,,,,,
,,,,,,,,,,
,,,,,,,,,,
,,,,,,,,,,
,,,,,,,,,,
,,,,,,,,,,
,,,,,,,,,,
,,,,,,,,,,
,,,,,,,,,,
,,,,,,,,,,
,,,,,,,,,,
,,,,,,,,,,
,,,,,,,,,,
,,,,,,,,,,
,,,,,,,,,,
,,,,,,,,,,
,,,,,,,,,,
,,,,,,,,,,
,,,,,,,,,,
,,,,,,,,,,
,,,,,,,,,,
,,,,,,,,,,
,,,,,,,,,,
,,,,,,,,,,
,,,,,,,,,,
,,,,,,,,,,
,,,,,,,,,,
,,,,,,,,,,
,,,,,,,,,,
,,,,,,,,,,
,,,,,,,,,,
,,,,,,,,,,
,,,,,,,,,,
,,,,,,,,,,
,,,,,,,,,,
,,,,,,,,,,
,,,,,,,,,,
,,,,,,,,,,
,,,,,,,,,,
,,,,,,,,,,
,,,,,,,,,,
,,,,,,,,,,
,,,,,,,,,,
,,,,,,,,,,
,,,,,,,,,,
,,,,,,,,,,
,,,,,,,,,,
,,,,,,,,,,
,,,,,,,,,,
,,,,,,,,,,
,,,,,,,,,,
,,,,,,,,,,
,,,,,,,,,,
,,,,,,,,,,
,,,,,,,,,,
,,,,,,,,,,
,,,,,,,,,,
,,,,,,,,,,
,,,,,,,,,,
,,,,,,,,,,
,,,,,,,,,,
,,,,,,,,,,
,,,,,,,,,,
,,,,,,,,,,
,,,,,,,,,,
,,,,,,,,,,
,,,,,,,,,,
,,,,,,,,,,
,,,,,,,,,,
,,,,,,,,,,
,,,,,,,,,,
,,,,,,,,,,
,,,,,,,,,,
,,,,,,,,,,
,,,,,,,,,,
,,,,,,,,,,
,,,,,,,,,,
,,,,,,,,,,
,,,,,,,,,,
,,,,,,,,,,
,,,,,,,,,,
,,,,,,,,,,
,,,,,,,,,,
,,,,,,,,,,
,,,,,,,,,,
,,,,,,,,,,
,,,,,,,,,,
,,,,,,,,,,
,,,,,,,,,,
,,,,,,,,,,
,,,,,,,,,,
,,,,,,,,,,
,,,,,,,,,,
,,,,,,,,,,
,,,,,,,,,,
,,,,,,,,,,
,,,,,,,,,,
,,,,,,,,,,
,,,,,,,,,,
,,,,,,,,,,
,,,,,,,,,,
,,,,,,,,,,
,,,,,,,,,,
,,,,,,,,,,
,,,,,,,,,,
,,,,,,,,,,
,,,,,,,,,,
,,,,,,,,,,
,,,,,,,,,,
,,,,,,,,,,
,,,,,,,,,,
,,,,,,,,,,
,,,,,,,,,,
,,,,,,,,,,
,,,,,,,,,,
,,,,,,,,,,
,,,,,,,,,,
,,,,,,,,,,
,,,,,,,,,,
,,,,,,,,,,
,,,,,,,,,,
,,,,,,,,,,
,,,,,,,,,,
,,,,,,,,,,
,,,,,,,,,,
,,,,,,,,,,
,,,,,,,,,,
,,,,,,,,,,
,,,,,,,,,,
,,,,,,,,,,
,,,,,,,,,,
,,,,,,,,,,
,,,,,,,,,,
,,,,,,,,,,
,,,,,,,,,,
,,,,,,,,,,
,,,,,,,,,,
,,,,,,,,,,
,,,,,,,,,,
,,,,,,,,,,
,,,,,,,,,,
,,,,,,,,,,
,,,,,,,,,,
,,,,,,,,,,
,,,,,,,,,,
,,,,,,,,,,
,,,,,,,,,,
,,,,,,,,,,
,,,,,,,,,,
,,,,,,,,,,
,,,,,,,,,,
,,,,,,,,,,
,,,,,,,,,,
,,,,,,,,,,
,,,,,,,,,,
,,,,,,,,,,
,,,,,,,,,,
,,,,,,,,,,
,,,,,,,,,,
,,,,,,,,,,
,,,,,,,,,,
,,,,,,,,,,
,,,,,,,,,,
,,,,,,,,,,
,,,,,,,,,,
,,,,,,,,,,
,,,,,,,,,,
,,,,,,,,,,
,,,,,,,,,,
,,,,,,,,,,
,,,,,,,,,,
,,,,,,,,,,
,,,,,,,,,,
,,,,,,,,,,
,,,,,,,,,,
,,,,,,,,,,
,,,,,,,,,,
,,,,,,,,,,
,,,,,,,,,,
,,,,,,,,,,
,,,,,,,,,,
,,,,,,,,,,
,,,,,,,,,,
,,,,,,,,,,
,,,,,,,,,,
,,,,,,,,,,
,,,,,,,,,,
,,,,,,,,,,
,,,,,,,,,,
,,,,,,,,,,
,,,,,,,,,,
,,,,,,,,,,
,,,,,,,,,,
,,,,,,,,,,
,,,,,,,,,,
,,,,,,,,,,
,,,,,,,,,,
,,,,,,,,,,
,,,,,,,,,,
,,,,,,,,,,
,,,,,,,,,,
,,,,,,,,,,
,,,,,,,,,,
,,,,,,,,,,
,,,,,,,,,,
,,,,,,,,,,
,,,,,,,,,,
,,,,,,,,,,
,,,,,,,,,,
,,,,,,,,,,
,,,,,,,,,,
,,,,,,,,,,
,,,,,,,,,,
,,,,,,,,,,
,,,,,,,,,,
,,,,,,,,,,
,,,,,,,,,,
,,,,,,,,,,
,,,,,,,,,,
,,,,,,,,,,
,,,,,,,,,,
,,,,,,,,,,
,,,,,,,,,,
,,,,,,,,,,
,,,,,,,,,,
,,,,,,,,,,
,,,,,,,,,,
,,,,,,,,,,
,,,,,,,,,,
,,,,,,,,,,
,,,,,,,,,,
,,,,,,,,,,
,,,,,,,,,,
,,,,,,,,,,
,,,,,,,,,,
,,,,,,,,,,
,,,,,,,,,,
,,,,,,,,,,
,,,,,,,,,,
,,,,,,,,,,
,,,,,,,,,,
,,,,,,,,,,
,,,,,,,,,,
,,,,,,,,,,
,,,,,,,,,,
,,,,,,,,,,
,,,,,,,,,,
,,,,,,,,,,
,,,,,,,,,,
,,,,,,,,,,
,,,,,,,,,,
,,,,,,,,,,
,,,,,,,,,,
,,,,,,,,,,
,,,,,,,,,,
,,,,,,,,,,
,,,,,,,,,,
,,,,,,,,,,
,,,,,,,,,,
,,,,,,,,,,
,,,,,,,,,,
,,,,,,,,,,
,,,,,,,,,,
,,,,,,,,,,
,,,,,,,,,,
,,,,,,,,,,
,,,,,,,,,,
,,,,,,,,,,
,,,,,,,,,,
,,,,,,,,,,
,,,,,,,,,,
,,,,,,,,,,
,,,,,,,,,,
,,,,,,,,,,
,,,,,,,,,,
,,,,,,,,,,
,,,,,,,,,,
,,,,,,,,,,
,,,,,,,,,,
,,,,,,,,,,
,,,,,,,,,,
,,,,,,,,,,
,,,,,,,,,,
,,,,,,,,,,
,,,,,,,,,,
,,,,,,,,,,
,,,,,,,,,,
,,,,,,,,,,
,,,,,,,,,,
,,,,,,,,,,
,,,,,,,,,,
,,,,,,,,,,
,,,,,,,,,,
,,,,,,,,,,
,,,,,,,,,,
,,,,,,,,,,
,,,,,,,,,,
,,,,,,,,,,
,,,,,,,,,,
,,,,,,,,,,
,,,,,,,,,,
,,,,,,,,,,
,,,,,,,,,,
,,,,,,,,,,
,,,,,,,,,,
,,,,,,,,,,
,,,,,,,,,,
,,,,,,,,,,
,,,,,,,,,,
,,,,,,,,,,
,,,,,,,,,,
,,,,,,,,,,
,,,,,,,,,,
,,,,,,,,,,
,,,,,,,,,,
,,,,,,,,,,
,,,,,,,,,,
,,,,,,,,,,
,,,,,,,,,,
,,,,,,,,,,
,,,,,,,,,,
,,,,,,,,,,
,,,,,,,,,,
,,,,,,,,,,
,,,,,,,,,,
,,,,,,,,,,
,,,,,,,,,,
,,,,,,,,,,
,,,,,,,,,,
,,,,,,,,,,
,,,,,,,,,,
,,,,,,,,,,
,,,,,,,,,,
,,,,,,,,,,
,,,,,,,,,,
,,,,,,,,,,
,,,,,,,,,,
,,,,,,,,,,
,,,,,,,,,,
,,,,,,,,,,
,,,,,,,,,,
,,,,,,,,,,
,,,,,,,,,,
,,,,,,,,,,
,,,,,,,,,,
,,,,,,,,,,
,,,,,,,,,,
,,,,,,,,,,
,,,,,,,,,,
,,,,,,,,,,
,,,,,,,,,,
,,,,,,,,,,
,,,,,,,,,,
,,,,,,,,,,
,,,,,,,,,,
,,,,,,,,,,
,,,,,,,,,,
,,,,,,,,,,
,,,,,,,,,,
,,,,,,,,,,
,,,,,,,,,,
,,,,,,,,,,
,,,,,,,,,,
,,,,,,,,,,
,,,,,,,,,,
,,,,,,,,,,
,,,,,,,,,,
,,,,,,,,,,
,,,,,,,,,,
,,,,,,,,,,
,,,,,,,,,,
,,,,,,,,,,
,,,,,,,,,,
,,,,,,,,,,
,,,,,,,,,,
,,,,,,,,,,
,,,,,,,,,,
,,,,,,,,,,
,,,,,,,,,,
,,,,,,,,,,
,,,,,,,,,,
,,,,,,,,,,
,,,,,,,,,,
,,,,,,,,,,
,,,,,,,,,,
,,,,,,,,,,
,,,,,,,,,,
,,,,,,,,,,
,,,,,,,,,,
,,,,,,,,,,
,,,,,,,,,,
,,,,,,,,,,
,,,,,,,,,,
,,,,,,,,,,
,,,,,,,,,,
,,,,,,,,,,
,,,,,,,,,,
,,,,,,,,,,
,,,,,,,,,,
,,,,,,,,,,
,,,,,,,,,,
,,,,,,,,,,
,,,,,,,,,,
,,,,,,,,,,
,,,,,,,,,,
,,,,,,,,,,
,,,,,,,,,,
,,,,,,,,,,
,,,,,,,,,,
,,,,,,,,,,
,,,,,,,,,,
,,,,,,,,,,
,,,,,,,,,,
,,,,,,,,,,
,,,,,,,,,,
,,,,,,,,,,
,,,,,,,,,,
,,,,,,,,,,
,,,,,,,,,,
,,,,,,,,,,
,,,,,,,,,,
,,,,,,,,,,
,,,,,,,,,,
,,,,,,,,,,
,,,,,,,,,,
,,,,,,,,,,
,,,,,,,,,,
,,,,,,,,,,
,,,,,,,,,,
,,,,,,,,,,
,,,,,,,,,,
,,,,,,,,,,
,,,,,,,,,,
,,,,,,,,,,
,,,,,,,,,,
,,,,,,,,,,
,,,,,,,,,,
,,,,,,,,,,
,,,,,,,,,,
,,,,,,,,,,
,,,,,,,,,,
,,,,,,,,,,
,,,,,,,,,,
,,,,,,,,,,
,,,,,,,,,,
,,,,,,,,,,
,,,,,,,,,,
,,,,,,,,,,
,,,,,,,,,,
,,,,,,,,,,
,,,,,,,,,,
,,,,,,,,,,
,,,,,,,,,,
,,,,,,,,,,
,,,,,,,,,,
,,,,,,,,,,
,,,,,,,,,,
,,,,,,,,,,
,,,,,,,,,,
,,,,,,,,,,
,,,,,,,,,,
,,,,,,,,,,
,,,,,,,,,,
,,,,,,,,,,
,,,,,,,,,,
,,,,,,,,,,
,,,,,,,,,,
,,,,,,,,,,
,,,,,,,,,,
,,,,,,,,,,
,,,,,,,,,,
,,,,,,,,,,
,,,,,,,,,,
,,,,,,,,,,
,,,,,,,,,,
,,,,,,,,,,
,,,,,,,,,,
,,,,,,,,,,
,,,,,,,,,,
,,,,,,,,,,
,,,,,,,,,,
,,,,,,,,,,
,,,,,,,,,,
,,,,,,,,,,
,,,,,,,,,,
,,,,,,,,,,
,,,,,,,,,,
,,,,,,,,,,
,,,,,,,,,,
,,,,,,,,,,
,,,,,,,,,,
,,,,,,,,,,
,,,,,,,,,,
,,,,,,,,,,
,,,,,,,,,,
,,,,,,,,,,
,,,,,,,,,,
,,,,,,,,,,
,,,,,,,,,,
,,,,,,,,,,
,,,,,,,,,,
,,,,,,,,,,
,,,,,,,,,,
,,,,,,,,,,
,,,,,,,,,,
,,,,,,,,,,
,,,,,,,,,,
,,,,,,,,,,
,,,,,,,,,,
,,,,,,,,,,
,,,,,,,,,,
,,,,,,,,,,
,,,,,,,,,,
,,,,,,,,,,
,,,,,,,,,,
,,,,,,,,,,
,,,,,,,,,,
,,,,,,,,,,
,,,,,,,,,,
,,,,,,,,,,
,,,,,,,,,,
,,,,,,,,,,
,,,,,,,,,,
,,,,,,,,,,
,,,,,,,,,,
,,,,,,,,,,
,,,,,,,,,,
,,,,,,,,,,
,,,,,,,,,,
,,,,,,,,,,
,,,,,,,,,,
,,,,,,,,,,
,,,,,,,,,,
,,,,,,,,,,
,,,,,,,,,,
,,,,,,,,,,
,,,,,,,,,,
,,,,,,,,,,
,,,,,,,,,,
,,,,,,,,,,
,,,,,,,,,,
,,,,,,,,,,
,,,,,,,,,,
,,,,,,,,,,
,,,,,,,,,,
,,,,,,,,,,
,,,,,,,,,,
,,,,,,,,,,
,,,,,,,,,,
,,,,,,,,,,
,,,,,,,,,,
,,,,,,,,,,
,,,,,,,,,,
,,,,,,,,,,
,,,,,,,,,,
,,,,,,,,,,
,,,,,,,,,,
,,,,,,,,,,
,,,,,,,,,,
,,,,,,,,,,
,,,,,,,,,,
,,,,,,,,,,
,,,,,,,,,,
,,,,,,,,,,
,,,,,,,,,,
,,,,,,,,,,
,,,,,,,,,,
,,,,,,,,,,
,,,,,,,,,,
,,,,,,,,,,
,,,,,,,,,,
,,,,,,,,,,
,,,,,,,,,,
,,,,,,,,,,
,,,,,,,,,,
,,,,,,,,,,
,,,,,,,,,,
,,,,,,,,,,
,,,,,,,,,,
,,,,,,,,,,
,,,,,,,,,,
,,,,,,,,,,
,,,,,,,,,,
,,,,,,,,,,
,,,,,,,,,,
,,,,,,,,,,
,,,,,,,,,,
,,,,,,,,,,
,,,,,,,,,,
,,,,,,,,,,
,,,,,,,,,,
,,,,,,,,,,
,,,,,,,,,,
,,,,,,,,,,
,,,,,,,,,,
,,,,,,,,,,
,,,,,,,,,,
,,,,,,,,,,
,,,,,,,,,,
,,,,,,,,,,
,,,,,,,,,,
,,,,,,,,,,
,,,,,,,,,,
,,,,,,,,,,
,,,,,,,,,,
,,,,,,,,,,
,,,,,,,,,,
,,,,,,,,,,
,,,,,,,,,,
,,,,,,,,,,
,,,,,,,,,,
,,,,,,,,,,
,,,,,,,,,,
,,,,,,,,,,
,,,,,,,,,,
,,,,,,,,,,
,,,,,,,,,,
,,,,,,,,,,
,,,,,,,,,,
,,,,,,,,,,
,,,,,,,,,,
,,,,,,,,,,
,,,,,,,,,,
,,,,,,,,,,
,,,,,,,,,,
,,,,,,,,,,
,,,,,,,,,,
,,,,,,,,,,
,,,,,,,,,,
,,,,,,,,,,
,,,,,,,,,,
,,,,,,,,,,
,,,,,,,,,,
,,,,,,,,,,
,,,,,,,,,,
,,,,,,,,,,
,,,,,,,,,,
,,,,,,,,,,
,,,,,,,,,,
,,,,,,,,,,
,,,,,,,,,,
,,,,,,,,,,
,,,,,,,,,,
,,,,,,,,,,
,,,,,,,,,,
,,,,,,,,,,
,,,,,,,,,,
,,,,,,,,,,
,,,,,,,,,,
,,,,,,,,,,
,,,,,,,,,,
,,,,,,,,,,
,,,,,,,,,,
,,,,,,,,,,
,,,,,,,,,,
,,,,,,,,,,
,,,,,,,,,,
,,,,,,,,,,
,,,,,,,,,,
,,,,,,,,,,
,,,,,,,,,,
,,,,,,,,,,
,,,,,,,,,,
,,,,,,,,,,
,,,,,,,,,,
,,,,,,,,,,
,,,,,,,,,,
,,,,,,,,,,
,,,,,,,,,,
,,,,,,,,,,
,,,,,,,,,,
,,,,,,,,,,
,,,,,,,,,,
,,,,,,,,,,
,,,,,,,,,,
,,,,,,,,,,
,,,,,,,,,,
,,,,,,,,,,
,,,,,,,,,,
,,,,,,,,,,
,,,,,,,,,,
,,,,,,,,,,
,,,,,,,,,,
,,,,,,,,,,
,,,,,,,,,,
,,,,,,,,,,
,,,,,,,,,,
,,,,,,,,,,
,,,,,,,,,,
,,,,,,,,,,
,,,,,,,,,,
,,,,,,,,,,
,,,,,,,,,,
,,,,,,,,,,
,,,,,,,,,,
,,,,,,,,,,
,,,,,,,,,,
,,,,,,,,,,
,,,,,,,,,,
,,,,,,,,,,
,,,,,,,,,,
,,,,,,,,,,
,,,,,,,,,,
,,,,,,,,,,
,,,,,,,,,,
,,,,,,,,,,
,,,,,,,,,,
,,,,,,,,,,
,,,,,,,,,,
,,,,,,,,,,
,,,,,,,,,,
,,,,,,,,,,
,,,,,,,,,,
,,,,,,,,,,
,,,,,,,,,,
,,,,,,,,,,
,,,,,,,,,,
,,,,,,,,,,
,,,,,,,,,,
,,,,,,,,,,
,,,,,,,,,,
,,,,,,,,,,
,,,,,,,,,,
,,,,,,,,,,
,,,,,,,,,,
,,,,,,,,,,
,,,,,,,,,,
,,,,,,,,,,
,,,,,,,,,,
,,,,,,,,,,
,,,,,,,,,,
,,,,,,,,,,
,,,,,,,,,,
,,,,,,,,,,
,,,,,,,,,,
,,,,,,,,,,
,,,,,,,,,,
,,,,,,,,,,
,,,,,,,,,,
,,,,,,,,,,
,,,,,,,,,,
,,,,,,,,,,
,,,,,,,,,,
,,,,,,,,,,
,,,,,,,,,,
,,,,,,,,,,
,,,,,,,,,,
,,,,,,,,,,
,,,,,,,,,,
,,,,,,,,,,
,,,,,,,,,,
,,,,,,,,,,
,,,,,,,,,,
,,,,,,,,,,
,,,,,,,,,,
,,,,,,,,,,
,,,,,,,,,,
,,,,,,,,,,
,,,,,,,,,,
,,,,,,,,,,
,,,,,,,,,,
,,,,,,,,,,
,,,,,,,,,,
,,,,,,,,,,
,,,,,,,,,,
,,,,,,,,,,
,,,,,,,,,,
,,,,,,,,,,
,,,,,,,,,,
,,,,,,,,,,
,,,,,,,,,,
,,,,,,,,,,
,,,,,,,,,,
,,,,,,,,,,
,,,,,,,,,,
,,,,,,,,,,
,,,,,,,,,,
,,,,,,,,,,
,,,,,,,,,,
,,,,,,,,,,
,,,,,,,,,,
,,,,,,,,,,
,,,,,,,,,,
,,,,,,,,,,
,,,,,,,,,,
,,,,,,,,,,
,,,,,,,,,,
,,,,,,,,,,
,,,,,,,,,,
,,,,,,,,,,
,,,,,,,,,,
,,,,,,,,,,
,,,,,,,,,,
,,,,,,,,,,
,,,,,,,,,,
,,,,,,,,,,
,,,,,,,,,,
,,,,,,,,,,
,,,,,,,,,,
,,,,,,,,,,
,,,,,,,,,,
,,,,,,,,,,
,,,,,,,,,,
,,,,,,,,,,
,,,,,,,,,,
,,,,,,,,,,
,,,,,,,,,,
,,,,,,,,,,
,,,,,,,,,,
,,,,,,,,,,
,,,,,,,,,,
,,,,,,,,,,
,,,,,,,,,,
,,,,,,,,,,
,,,,,,,,,,
,,,,,,,,,,
,,,,,,,,,,
,,,,,,,,,,
,,,,,,,,,,
,,,,,,,,,,
,,,,,,,,,,
,,,,,,,,,,
,,,,,,,,,,
,,,,,,,,,,
,,,,,,,,,,
,,,,,,,,,,
,,,,,,,,,,
,,,,,,,,,,
,,,,,,,,,,
,,,,,,,,,,
,,,,,,,,,,
,,,,,,,,,,
,,,,,,,,,,
,,,,,,,,,,
,,,,,,,,,,
,,,,,,,,,,
,,,,,,,,,,
,,,,,,,,,,
,,,,,,,,,,
,,,,,,,,,,
,,,,,,,,,,
,,,,,,,,,,
,,,,,,,,,,
,,,,,,,,,,
,,,,,,,,,,
,,,,,,,,,,
,,,,,,,,,,
,,,,,,,,,,
,,,,,,,,,,
,,,,,,,,,,
,,,,,,,,,,
,,,,,,,,,,
,,,,,,,,,,
,,,,,,,,,,
,,,,,,,,,,
,,,,,,,,,,
,,,,,,,,,,
,,,,,,,,,,
,,,,,,,,,,
,,,,,,,,,,
,,,,,,,,,,
,,,,,,,,,,
,,,,,,,,,,
,,,,,,,,,,
,,,,,,,,,,
,,,,,,,,,,
,,,,,,,,,,
,,,,,,,,,,
,,,,,,,,,,
,,,,,,,,,,
,,,,,,,,,,
,,,,,,,,,,
,,,,,,,,,,
,,,,,,,,,,
,,,,,,,,,,
,,,,,,,,,,
,,,,,,,,,,
,,,,,,,,,,
,,,,,,,,,,
,,,,,,,,,,
,,,,,,,,,,
,,,,,,,,,,
,,,,,,,,,,
,,,,,,,,,,
,,,,,,,,,,
,,,,,,,,,,
,,,,,,,,,,
,,,,,,,,,,
,,,,,,,,,,
,,,,,,,,,,
,,,,,,,,,,
,,,,,,,,,,
,,,,,,,,,,
,,,,,,,,,,
,,,,,,,,,,
,,,,,,,,,,
,,,,,,,,,,
,,,,,,,,,,
,,,,,,,,,,
,,,,,,,,,,
,,,,,,,,,,
,,,,,,,,,,
,,,,,,,,,,
,,,,,,,,,,
,,,,,,,,,,
,,,,,,,,,,
,,,,,,,,,,
,,,,,,,,,,
,,,,,,,,,,
,,,,,,,,,,
,,,,,,,,,,
,,,,,,,,,,
,,,,,,,,,,
,,,,,,,,,,
,,,,,,,,,,
,,,,,,,,,,
,,,,,,,,,,
,,,,,,,,,,
,,,,,,,,,,
,,,,,,,,,,
,,,,,,,,,,
,,,,,,,,,,
,,,,,,,,,,
,,,,,,,,,,
,,,,,,,,,,
,,,,,,,,,,
,,,,,,,,,,
,,,,,,,,,,
,,,,,,,,,,
,,,,,,,,,,
,,,,,,,,,,
,,,,,,,,,,
,,,,,,,,,,
,,,,,,,,,,
,,,,,,,,,,
,,,,,,,,,,
,,,,,,,,,,
,,,,,,,,,,
,,,,,,,,,,
,,,,,,,,,,
,,,,,,,,,,
,,,,,,,,,,
,,,,,,,,,,
,,,,,,,,,,
,,,,,,,,,,
,,,,,,,,,,
,,,,,,,,,,
,,,,,,,,,,
,,,,,,,,,,
,,,,,,,,,,
,,,,,,,,,,
,,,,,,,,,,
,,,,,,,,,,
,,,,,,,,,,
,,,,,,,,,,
,,,,,,,,,,
,,,,,,,,,,
,,,,,,,,,,
,,,,,,,,,,
,,,,,,,,,,
,,,,,,,,,,
,,,,,,,,,,
,,,,,,,,,,
,,,,,,,,,,
,,,,,,,,,,
,,,,,,,,,,
,,,,,,,,,,
,,,,,,,,,,
,,,,,,,,,,
,,,,,,,,,,
,,,,,,,,,,
,,,,,,,,,,
,,,,,,,,,,
,,,,,,,,,,
,,,,,,,,,,
,,,,,,,,,,
,,,,,,,,,,
,,,,,,,,,,
,,,,,,,,,,
,,,,,,,,,,
,,,,,,,,,,
,,,,,,,,,,
,,,,,,,,,,
,,,,,,,,,,
,,,,,,,,,,
,,,,,,,,,,
,,,,,,,,,,
,,,,,,,,,,
,,,,,,,,,,
,,,,,,,,,,
,,,,,,,,,,
,,,,,,,,,,
,,,,,,,,,,
,,,,,,,,,,
,,,,,,,,,,
,,,,,,,,,,
,,,,,,,,,,
,,,,,,,,,,
,,,,,,,,,,
,,,,,,,,,,
,,,,,,,,,,
,,,,,,,,,,
,,,,,,,,,,
,,,,,,,,,,
,,,,,,,,,,
,,,,,,,,,,
,,,,,,,,,,
,,,,,,,,,,
,,,,,,,,,,
,,,,,,,,,,
,,,,,,,,,,
,,,,,,,,,,
,,,,,,,,,,
,,,,,,,,,,
,,,,,,,,,,
,,,,,,,,,,
,,,,,,,,,,
,,,,,,,,,,
,,,,,,,,,,
,,,,,,,,,,
,,,,,,,,,,
,,,,,,,,,,
,,,,,,,,,,
,,,,,,,,,,
,,,,,,,,,,
,,,,,,,,,,
,,,,,,,,,,
,,,,,,,,,,
,,,,,,,,,,
,,,,,,,,,,
,,,,,,,,,,
,,,,,,,,,,
,,,,,,,,,,
,,,,,,,,,,
,,,,,,,,,,
,,,,,,,,,,
,,,,,,,,,,
,,,,,,,,,,
,,,,,,,,,,
,,,,,,,,,,
,,,,,,,,,,
,,,,,,,,,,
,,,,,,,,,,
,,,,,,,,,,
,,,,,,,,,,
,,,,,,,,,,
,,,,,,,,,,
,,,,,,,,,,
,,,,,,,,,,
,,,,,,,,,,
,,,,,,,,,,
,,,,,,,,,,
,,,,,,,,,,
,,,,,,,,,,
,,,,,,,,,,
,,,,,,,,,,
,,,,,,,,,,
,,,,,,,,,,
,,,,,,,,,,
,,,,,,,,,,
,,,,,,,,,,
,,,,,,,,,,
,,,,,,,,,,
,,,,,,,,,,
,,,,,,,,,,
,,,,,,,,,,
,,,,,,,,,,
,,,,,,,,,,
,,,,,,,,,,
,,,,,,,,,,
,,,,,,,,,,
,,,,,,,,,,
,,,,,,,,,,
,,,,,,,,,,
,,,,,,,,,,
,,,,,,,,,,
,,,,,,,,,,
,,,,,,,,,,
,,,,,,,,,,
,,,,,,,,,,
,,,,,,,,,,
,,,,,,,,,,
,,,,,,,,,,
,,,,,,,,,,
,,,,,,,,,,
,,,,,,,,,,
,,,,,,,,,,
,,,,,,,,,,
,,,,,,,,,,
,,,,,,,,,,
,,,,,,,,,,
,,,,,,,,,,
,,,,,,,,,,
,,,,,,,,,,
,,,,,,,,,,
,,,,,,,,,,
,,,,,,,,,,
,,,,,,,,,,
,,,,,,,,,,
,,,,,,,,,,
,,,,,,,,,,
,,,,,,,,,,
,,,,,,,,,,
,,,,,,,,,,
,,,,,,,,,,
,,,,,,,,,,
,,,,,,,,,,
,,,,,,,,,,
,,,,,,,,,,
,,,,,,,,,,
,,,,,,,,,,
,,,,,,,,,,
,,,,,,,,,,
,,,,,,,,,,
,,,,,,,,,,
,,,,,,,,,,
,,,,,,,,,,
,,,,,,,,,,
,,,,,,,,,,
,,,,,,,,,,
,,,,,,,,,,
,,,,,,,,,,
,,,,,,,,,,
,,,,,,,,,,
,,,,,,,,,,
,,,,,,,,,,
,,,,,,,,,,
,,,,,,,,,,
,,,,,,,,,,
,,,,,,,,,,
,,,,,,,,,,
,,,,,,,,,,
,,,,,,,,,,
,,,,,,,,,,
,,,,,,,,,,
,,,,,,,,,,
,,,,,,,,,,
,,,,,,,,,,
,,,,,,,,,,
,,,,,,,,,,
,,,,,,,,,,
,,,,,,,,,,
,,,,,,,,,,
,,,,,,,,,,
,,,,,,,,,,
,,,,,,,,,,
,,,,,,,,,,
,,,,,,,,,,
,,,,,,,,,,
,,,,,,,,,,
,,,,,,,,,,
,,,,,,,,,,
,,,,,,,,,,
,,,,,,,,,,
,,,,,,,,,,
,,,,,,,,,,
,,,,,,,,,,
,,,,,,,,,,
,,,,,,,,,,
,,,,,,,,,,
,,,,,,,,,,
,,,,,,,,,,
,,,,,,,,,,
,,,,,,,,,,
,,,,,,,,,,
,,,,,,,,,,
,,,,,,,,,,
,,,,,,,,,,
,,,,,,,,,,
,,,,,,,,,,
,,,,,,,,,,
,,,,,,,,,,
,,,,,,,,,,
,,,,,,,,,,
,,,,,,,,,,
,,,,,,,,,,
,,,,,,,,,,
,,,,,,,,,,
,,,,,,,,,,
,,,,,,,,,,
,,,,,,,,,,
,,,,,,,,,,
,,,,,,,,,,
,,,,,,,,,,
,,,,,,,,,,
,,,,,,,,,,
,,,,,,,,,,
,,,,,,,,,,
,,,,,,,,,,
,,,,,,,,,,
,,,,,,,,,,
,,,,,,,,,,
,,,,,,,,,,
,,,,,,,,,,
,,,,,,,,,,
,,,,,,,,,,
,,,,,,,,,,
,,,,,,,,,,
,,,,,,,,,,
,,,,,,,,,,
,,,,,,,,,,
,,,,,,,,,,
,,,,,,,,,,
,,,,,,,,,,
,,,,,,,,,,
,,,,,,,,,,
,,,,,,,,,,
,,,,,,,,,,
,,,,,,,,,,
,,,,,,,,,,
,,,,,,,,,,
,,,,,,,,,,
,,,,,,,,,,
,,,,,,,,,,
,,,,,,,,,,
,,,,,,,,,,
,,,,,,,,,,
,,,,,,,,,,
,,,,,,,,,,
,,,,,,,,,,
,,,,,,,,,,
,,,,,,,,,,
,,,,,,,,,,
,,,,,,,,,,
,,,,,,,,,,
,,,,,,,,,,
,,,,,,,,,,
,,,,,,,,,,
,,,,,,,,,,
,,,,,,,,,,
,,,,,,,,,,
,,,,,,,,,,
,,,,,,,,,,
,,,,,,,,,,
,,,,,,,,,,
,,,,,,,,,,
,,,,,,,,,,
,,,,,,,,,,
,,,,,,,,,,
,,,,,,,,,,
,,,,,,,,,,
,,,,,,,,,,
,,,,,,,,,,
,,,,,,,,,,
,,,,,,,,,,
,,,,,,,,,,
,,,,,,,,,,
,,,,,,,,,,
,,,,,,,,,,
,,,,,,,,,,
,,,,,,,,,,
,,,,,,,,,,
,,,,,,,,,,
,,,,,,,,,,
,,,,,,,,,,
,,,,,,,,,,
,,,,,,,,,,
,,,,,,,,,,
,,,,,,,,,,
,,,,,,,,,,
,,,,,,,,,,
,,,,,,,,,,
,,,,,,,,,,
,,,,,,,,,,
,,,,,,,,,,
,,,,,,,,,,
,,,,,,,,,,
,,,,,,,,,,
,,,,,,,,,,
,,,,,,,,,,
,,,,,,,,,,
,,,,,,,,,,
,,,,,,,,,,
,,,,,,,,,,
,,,,,,,,,,
,,,,,,,,,,
,,,,,,,,,,
,,,,,,,,,,
,,,,,,,,,,
,,,,,,,,,,
,,,,,,,,,,
,,,,,,,,,,
,,,,,,,,,,
,,,,,,,,,,
,,,,,,,,,,
,,,,,,,,,,
,,,,,,,,,,
,,,,,,,,,,
,,,,,,,,,,
,,,,,,,,,,
,,,,,,,,,,
,,,,,,,,,,
,,,,,,,,,,
,,,,,,,,,,
,,,,,,,,,,
,,,,,,,,,,
,,,,,,,,,,
,,,,,,,,,,
,,,,,,,,,,
,,,,,,,,,,
,,,,,,,,,,
,,,,,,,,,,
,,,,,,,,,,
,,,,,,,,,,
,,,,,,,,,,
,,,,,,,,,,
,,,,,,,,,,
,,,,,,,,,,
,,,,,,,,,,
,,,,,,,,,,
,,,,,,,,,,
,,,,,,,,,,
,,,,,,,,,,
,,,,,,,,,,
,,,,,,,,,,
,,,,,,,,,,
,,,,,,,,,,
,,,,,,,,,,
,,,,,,,,,,
,,,,,,,,,,
,,,,,,,,,,
,,,,,,,,,,
,,,,,,,,,,
,,,,,,,,,,
,,,,,,,,,,
,,,,,,,,,,
,,,,,,,,,,
,,,,,,,,,,
,,,,,,,,,,
,,,,,,,,,,
,,,,,,,,,,
,,,,,,,,,,
,,,,,,,,,,
,,,,,,,,,,
,,,,,,,,,,
,,,,,,,,,,
,,,,,,,,,,
,,,,,,,,,,
,,,,,,,,,,
,,,,,,,,,,
,,,,,,,,,,
,,,,,,,,,,
,,,,,,,,,,
,,,,,,,,,,
,,,,,,,,,,
,,,,,,,,,,
,,,,,,,,,,
,,,,,,,,,,
,,,,,,,,,,
,,,,,,,,,,
,,,,,,,,,,
,,,,,,,,,,
,,,,,,,,,,
,,,,,,,,,,
,,,,,,,,,,
,,,,,,,,,,
,,,,,,,,,,
,,,,,,,,,,
,,,,,,,,,,
,,,,,,,,,,
,,,,,,,,,,
,,,,,,,,,,
,,,,,,,,,,
,,,,,,,,,,
,,,,,,,,,,
,,,,,,,,,,
,,,,,,,,,,
,,,,,,,,,,
,,,,,,,,,,
,,,,,,,,,,
,,,,,,,,,,
,,,,,,,,,,
,,,,,,,,,,
,,,,,,,,,,
,,,,,,,,,,
,,,,,,,,,,
,,,,,,,,,,
,,,,,,,,,,
,,,,,,,,,,
,,,,,,,,,,
,,,,,,,,,,
,,,,,,,,,,
,,,,,,,,,,
,,,,,,,,,,
,,,,,,,,,,
,,,,,,,,,,
,,,,,,,,,,
,,,,,,,,,,
,,,,,,,,,,
,,,,,,,,,,
,,,,,,,,,,
,,,,,,,,,,
,,,,,,,,,,
,,,,,,,,,,
,,,,,,,,,,
,,,,,,,,,,
,,,,,,,,,,
,,,,,,,,,,
,,,,,,,,,,
,,,,,,,,,,
,,,,,,,,,,
,,,,,,,,,,
,,,,,,,,,,
,,,,,,,,,,
,,,,,,,,,,
,,,,,,,,,,
,,,,,,,,,,
,,,,,,,,,,
,,,,,,,,,,
,,,,,,,,,,
,,,,,,,,,,
,,,,,,,,,,
,,,,,,,,,,
,,,,,,,,,,
,,,,,,,,,,
,,,,,,,,,,
,,,,,,,,,,
,,,,,,,,,,
,,,,,,,,,,
,,,,,,,,,,
,,,,,,,,,,
,,,,,,,,,,
,,,,,,,,,,
,,,,,,,,,,
,,,,,,,,,,
,,,,,,,,,,
,,,,,,,,,,
,,,,,,,,,,
,,,,,,,,,,
,,,,,,,,,,
,,,,,,,,,,
,,,,,,,,,,
,,,,,,,,,,
,,,,,,,,,,
,,,,,,,,,,
,,,,,,,,,,
,,,,,,,,,,
,,,,,,,,,,
,,,,,,,,,,
,,,,,,,,,,
,,,,,,,,,,
,,,,,,,,,,
,,,,,,,,,,
,,,,,,,,,,
,,,,,,,,,,
,,,,,,,,,,
,,,,,,,,,,
,,,,,,,,,,
,,,,,,,,,,
,,,,,,,,,,
,,,,,,,,,,
,,,,,,,,,,
,,,,,,,,,,
,,,,,,,,,,
,,,,,,,,,,
,,,,,,,,,,
,,,,,,,,,,
,,,,,,,,,,
,,,,,,,,,,
,,,,,,,,,,
,,,,,,,,,,
,,,,,,,,,,
,,,,,,,,,,
,,,,,,,,,,
,,,,,,,,,,
,,,,,,,,,,
,,,,,,,,,,
,,,,,,,,,,
,,,,,,,,,,
,,,,,,,,,,
,,,,,,,,,,
,,,,,,,,,,
,,,,,,,,,,
,,,,,,,,,,
,,,,,,,,,,
,,,,,,,,,,
,,,,,,,,,,
,,,,,,,,,,
,,,,,,,,,,
,,,,,,,,,,
,,,,,,,,,,
,,,,,,,,,,
,,,,,,,,,,
,,,,,,,,,,
,,,,,,,,,,
,,,,,,,,,,
,,,,,,,,,,
,,,,,,,,,,
,,,,,,,,,,
,,,,,,,,,,
,,,,,,,,,,
,,,,,,,,,,
,,,,,,,,,,
,,,,,,,,,,
,,,,,,,,,,
,,,,,,,,,,
,,,,,,,,,,
,,,,,,,,,,
,,,,,,,,,,
,,,,,,,,,,
,,,,,,,,,,
,,,,,,,,,,
,,,,,,,,,,
,,,,,,,,,,
,,,,,,,,,,
,,,,,,,,,,
,,,,,,,,,,
,,,,,,,,,,
,,,,,,,,,,
,,,,,,,,,,
,,,,,,,,,,
,,,,,,,,,,
,,,,,,,,,,
,,,,,,,,,,
,,,,,,,,,,
,,,,,,,,,,
,,,,,,,,,,
,,,,,,,,,,
,,,,,,,,,,
,,,,,,,,,,
,,,,,,,,,,
,,,,,,,,,,
,,,,,,,,,,
,,,,,,,,,,
,,,,,,,,,,
,,,,,,,,,,
,,,,,,,,,,
,,,,,,,,,,
,,,,,,,,,,
,,,,,,,,,,
,,,,,,,,,,
,,,,,,,,,,
,,,,,,,,,,
,,,,,,,,,,
,,,,,,,,,,
,,,,,,,,,,
,,,,,,,,,,
,,,,,,,,,,
,,,,,,,,,,
,,,,,,,,,,
,,,,,,,,,,
,,,,,,,,,,
,,,,,,,,,,
,,,,,,,,,,
,,,,,,,,,,
,,,,,,,,,,
,,,,,,,,,,
,,,,,,,,,,
,,,,,,,,,,
,,,,,,,,,,
,,,,,,,,,,
,,,,,,,,,,
,,,,,,,,,,
,,,,,,,,,,
,,,,,,,,,,
,,,,,,,,,,
,,,,,,,,,,
,,,,,,,,,,
,,,,,,,,,,
,,,,,,,,,,
,,,,,,,,,,
,,,,,,,,,,
,,,,,,,,,,
,,,,,,,,,,
,,,,,,,,,,
,,,,,,,,,,
,,,,,,,,,,
,,,,,,,,,,
,,,,,,,,,,
,,,,,,,,,,
,,,,,,,,,,
,,,,,,,,,,
,,,,,,,,,,
,,,,,,,,,,
,,,,,,,,,,
,,,,,,,,,,
,,,,,,,,,,
,,,,,,,,,,
,,,,,,,,,,
