#,Ulithi,Cat.,Scientific Name:,Fish Common Name ,Woleai,Ifaluk,Elato,Lamotrik,Satawal,Pisarach
1,Bwela ,A,Variola louti,Lyretail Grouper (Yellow or White),,Bila,Bela,Bela,,
2,Bwela ,B,Variola albimarginata,Lyretail Grouper (Yellow or White),,,,,,
3,Bulgalei,,,Orange spine Surgeon,,Bulgalei,Bulgalei,Bulgalei,Punganei,
4,Boadud,,,Naso Brevirostris,,,,,,
5,Bwadugdug,,,Clown Trigger fish,,Putelitel,,,,
6,Buub Gech,,,Half moon Trigger fish,,,,,,
7,Buub Cho,,,Orange striped Trigger fish,,,,,,
8,Buub Pal,,,Pinktail triggerfish,,,,,,
9,Buub Hataf,,,Redtooth triggerfish,,,,,,
10,Buub Loh,,,Wedge Picasso ,,,,,,
11,Bub Yor,,,Picasso Trigger Fish,,Bubul Porow,Bub bush,,,
12,Buub halaw,,,Blackbelly Picasso,,,,,,
13,Buubul Faelmas,,,Boomerang Triggerfish,,,,,,
14,Boar,,,Blackfin barracuda,,,,,Apawii,
15,Chil both (Smaller - yoyui),,Aprion Virescens,Blue Job Fish (Myers) or Green Job,Yaiuy Eoyu,Shiul bot or Yoiyoi,Yaiyoi,Yaiyoi,Yayiyeu,
16,Chelaw,,,Surge wrasse,,,,,,
17,Chepob,,,Bigeye Trevally,,,,,,
18,Choalmeme,,,Longfinned spadefish,,,,,,
19,Dilmothog / Limariang,,,Scissor tailed fusilier,,,,,,
20,Dilmow,,,Bullet head parrot,,,,,,
21,Dedal ,,,Doublelined Mackeral,,Hoboi,Howboi,Howboi,,
22,FaoFao or yownguth (very large),,Elagatis bipinnulata,Rainbow runner,,Faofao or Bwey (small),Faofao,Faofao,,
23,Fasfos,A,,Coral Grouper,,,,,,
24,Fesfos,,Cephalopholis Sonnerati,Tomato Grouper or Coral Grouper,Igushap,Pash paog,Fesfos,Fesfos,Igerap or Yukuraap,
25,Fasolgiy,,,Yellow goatfish,,,,,,
26,Fasul mat,,,Redlip Parrot fish (Red),,Fasul mat,Fasulmat,Fasulmat,Faiulmas,
27,Felang,,,Blue banded Surgeon Fish,,Fleng,Fleng,Fleng,Felang,
28,Falamey /Falmoy,,,Bignose Unicorn fish,,Loolo,Mwilie,,,
29,Goom,,,Bluespine Unicorn Fish,,Gium,Gium,Gium,,
30,Gelgel / Malug,,,Yellowblotch Razorfish,,,,,,
31,Geolol,,,Candy cane wrasse,,,,,,
32,Gigi,,,Black Snapper,,,,,,
33,Gidiw,,,Clown Couris ,,,,,,
34,Haliel Metapug,,,,,,,,,
35,Halie ,A,,Honeycomb Grouper,,,,,,
36,Halie ,B,,Hexagon Grouper,,,,,,
37,Halie ,C,,Four Saddled Grouper,,,,,,
38,Halie ,D,,Greasy Grouper,,,,,,
39,Halie /Bwele Yalus,E,,Black spotted Grouper,,,,,,
40,Hamachior,,,Flagtail Grouper,,Hamashiyor,Hamashiyor,Hamashiyor,Amarior,
41,Haful,,,Giant sweetlip,,,,,,
42,Hatheg,,,Yellowlip Emperor,,Loot,Uul (uur),,Yatig,
43,Ho Lat,,,Fringelip Mullet,,Yaiuwe (yai),Yaiu or tam?,Yaiu,,
44,Holach,,,Convict Tang ,,Ligeolawe or L'men ,Ligeolawe,,Lugeonaw,
45,Harmiy,,,Gold Spotted Rabbit Fish,,Haramei,Haramei,,Aramei,
46,Hamach Guwag,,,Yellowfin Surgeon Fish,,Hamash Guwag,Hamash Guwag,,Haemerhwoag,
47,Hawhaw ,,,Redlip Parrot fish (Green),,Hawhaw,Hawhaw,Hawhaw,,
44,I'dor,,Neoniphon Opercularis,Blackfin Squirrel fish,,Guch Ator,Gucheitor,,Guchoator,
48,Igel Loi,,,Grey Emperor,,Igenoi,Iginoi,,Igeineo,
49,Igpurpur,,,Stiped Blanquillo ,,,,,,
50,Igfalfal,,,Humpnose unicorn,,,,,,
51,Lamwar,A,,Oriental sweetlips,,,,,,
52,Lamwar,B,,Gold man's or Oriental Sweet lips,,Lamar,Lamar,Lamar,,
64,L'chog,,,Damelfish,,Lishog,Lushog,Lushog,,
53,Lipaw,A,,Glasseye,,,,,,
54,Lipaw,B,,Goggle,,,,,,
55,Leted fach,A,,One Spot Snapper,,Leteitfash,Leteitfash,Leteitfash,Letetifarh,
56,Leted fach,B,,Blackspot Snapper,,,,,,
57,Langui / Langui Marow (larger),,,Bluefin Trevally ,,Langui,Langui,Langui,Nangiuw,
58,Lulu,,,Titan Trigger ,,,,,,
59,Liwasola,,,Moorish Idol ,,Liwasoela or Lifeoiugapiung,Liwasoela,,,
60,Layur Rebong,,,Redspot goatfish,,,,,,
61,Liyoma,,,Barred file fish,,,Liyoma,Liyoma,,
62,Lithothow,,,Bird Wrasse,,Ga'Sap,,,,
63,L'chel'el,,,Dragon Wrasse,,Lesheliel,Cheileil,,Nirheinein,
64,Libag,,,Ringtail wrasse,,,,,,
65,L'eg,,,Rabbit fish,,,,,,
66,Lungungu,,,Emperor Angelfish,,,,,,
67,L'ed,A,,Tailspot Squirrelfish,,,,,,
68,L'ed,B,,Blueline Squirrelfish,,,,,,
69,L'ed,C,,Violet Squirrelfish,,,,,,
70,Mau,A,,Salenose Parrot fish,,Shogoyale (Soho'er),,,,
71,Mau ,B,,Darkcapped parrot,,,,,,
72,Mau ,C,,Black parrot,,,,,,
73,Mau,D,,Red Parrot or Blue chin Parrot,,,Mau Sererah,,,
74,Mau ,E,,Vermiculate parrot,,,,,,
75,Maw - (smaller - Dilmou),,,Bullethead parrotfish,,Maguwey'em (larger/Green) ,Ngicha (Red) ,,,
76,Mau,F,,Yellow band Parrot Fish,,Tabolobol (Taborbor),,,,
77,Mau ,G,,Forsten's parrot,,,,,,
78,Mau ,H,,Bucktooth / Stareye parrot,,,,,,
79,Mau ,I,,Blue barred parrot,,,,,,
80,Mau,J,,Salenose  or festive Parrot fish,,Shogoyale (Soho'er),,,,
81,Mau ,K,,Green throat parrot,,,,,,
82,Mor,A,,Stripped Bristle tooth Surgeon Fish,,Moch (Moj),Moch (Moj),Moch (Moj),,
83,Mor,B,,Chocolate Surgeonfish,,,,,,
84,Masog,,,Golden Travelly,,,,,,
85,Mepal,,,Yellowtail Corise ,,,,,,
86,Mol Tamoch,,,Brown or flame tail Soldier Fish,,Mol Tamush,,,,
87,Mwol ,A,,Red Soldierfish,,,,,,
88,Mwol ,B,,Orangefin Soldierfish,,,,,,
89,Mwol ,C,,Bigscale soldierfish,,,,,,
90,Mwol ,D,,Brick soldierfish,,,,,,
91,Mwol ,E,,Double tooth Soldierfish,,,,,,
92,Mwol ,E,,Double tooth Soldier Fish,,Mol Seram,Mwel,,Mweon,
93,Morlagei ,A,Acanthurus Nigricauda,Epaulette Surgeon Fish,,Yefal,Yefal,Yefal,,
94,Morlagei B / Mat Bwedig,,,Whitecheek Surgeon,,Moch nagei ,Moch nagei ,Moch nagei ,,
95,Maloslos,,,Peacock Grouper,,Halie'yalie,Halie'yalie,Halie'yalie,Manosnos,
96,Metaal,,,Blacktipped Grouper,,,,,Sownoan,
97,Moos / Chil Moos (smaller),,Lutjanus Bohar,Red Snapper,,Moos,Moos,Moos,,
98,Chil Moos,,Lutjanus Bohar,Red Snapper,,,,,,
99,Metach'a,,Lutjanus gibbus,Humpback Snapper,,Matecha,Matecha,Matecha,Masacha,
100,Metagoth / Ngibwa (Larger),,,Bigeye Emperor,,,,,Masmes,
101,Morfach,,,Orangebanned Surgeon,,Marafash,Marefash,Marefash,Morfarah,
102,Mangochngoch,,Scarus Gibbus,Gibbus Parrot Fish/Steap Head Parrot Fish,,Umush (Wumesh),Umash,Umash,,
103,Margalaw,,,Yellow margin Trigger,,,,,,
104,Mapeng,,,Dash and Dot goatfish,,,,,,
105,Marab,,,Blue smalltooth Jobfish,,,,,,
106,Malangow,,,Black tongue unicorn,,,,,,
107,Mau/Dilmou,,Scarus sordidus,Bullet head parrot,,,,,,
108,Mororaw,,,Threadfin pampano,,,,,,
109,Nguru,,Lethrinus Olivaceus,Long nose Emperor,Gatig,Hatigil Kutah,Hatig,Hatig,Atik,
110,Nguf,,,Blue triggerfish,,,,,,
111,Ngungu,,Pygoplites diacanthus,Regal Angel Fish,,Rishin ,Ligerger,Turul Satawar,,
112,Parpar,,,White Spotted Surgeon Fish,,Parpar,Parpar,Parpar,Parapar,
113,Pross/Mam,A,Chilinus undulatus,Nappleon Wrasse,,,,,,
114,Pross,B,Cheilinus trilobatus,Tripletail Wrasse,,Pros,Pros,Pros,,
115,Pross,C,Cheilinus faciantus,Breasted Wrasse,,,,,,
116,Pross,D,Cheilinus chlorourus,Floral Wrasse,,,,,,
117,Pros (Cha'Red'),,,Red Breasted Wrasse,,Shifesiu,,,,
118,Ra'el,,,Chub Fish,,Ra'el (Ra'er),Rel,Rel,Reon,
119,Real gii,,,Brassy Chub,,,Umuleo,,,
120,Rrow,,,Steep head Parrot fish,,Rowu,Hamesgul,,Roouw,
121,Solobei,,,Sargent Fish (One spot/Banded Sergant fish),,Sono (sson),Soon,Soon,,
122,Sarech,,Carangoides Orthogrammus,Yellow spotted Trevally,,Sarish,Sarish,Sarish,Sarirah,
123,Serah,,,Longjawed squirrel ,,Sera,Sera,Sera,Sara,
124,Sawi,,Aethaloperca roga,Red mouth grouper,,,,,,
125,Songong,,Parupeneus maltifasciatus,Multi barred goatfish,,,,,,
126,Sow,,Mulloides flavolineatus,Yellow striped goat fish,,,,,,
127,Sargorpi,,Lethrinus remak,Yellow striped emperor,,,,,,
128,Thai,A,reoniphon sammara,Bloodspot squirrel fish,,,Guch fai,,,
129,Thai,B,neoniphon argentues,clearfin squirrel fish,,,,,,
130,Thai,C,sargoncentron microstoma,fineline squirrel fish,,,,,,
131,Thai ,D,sargoncentron ittododai,samurai squirrel fish,,,,,,
132,Thai,E,sargoncentron parslin,darkstriped squirrel fish,,,,,,
133,Taiaw,A,Plectropomus areolatus,Squaretail grouper,,,,,,
134,Taiaw,B,Plectropomus laevis,Saddled back grouper,,,,,,
135,Tat,,Lutjanus Kasmira,Blueline Snapper,,Tat,Tat,Tat,Sas,
136,Taguriach,,Gnathodentex aurolineautus,Yellowspot emperor,,,,Taguriash,,
137,Thag,,Tylosurus Crocodilis,Crocordile needle fish,,,,,,
138,Talyalwarong,,Thalassoma hardwickii,Sixbar wrasse,,,,,,
139,Talyalmous,,Thalassoma janseni,Jensen's wrasse,,,,,,
140,Tapanger,,Halichoeres hortulanus,Checker board wrasse,,,,,,
141,Taftef,,Ostracion cubicus,Cube trunk fish,,,,,,
142,Taptap or Limolang,,,Black Tail or Scissor Tail Sergeant Fish,,Mm'as,Limoelang,,,
143,Tiper (Ifauk),,Cheilodipterus Nigotaeniatus,Black striped Cardinal ,,Tiper,Galingai,,,
144,Yelolum,,Macolor macularis,black and white snapper,,,,,,
145,Yawsese,,,Slingjaw Wrasse,,Yawseisei,Yawseisei,Yawseisei,Yawseisei,
146,Yomei,,Mulloides vanicuolensis,Yellowfin goat fish,,,Omei,,,
147,Youcha,,Scrus frontailis,Tan face Parrot fish,,,Ucha,Ucha,,
148,Yutul,,Scolopsis lineatus,black and white spine cheek,,,,,,
149,Yulof,,,Pacific longnose parrot fish,,Yulof (small) or Yaar (larger),Yaar,Yaar,,
150,Yengang,,Trchinotus bailloni,Small spotted pompano,,,,,,
151,Yechadol,,Gerres argyreus,Comon Mojarra,,,,,,
152,Yefal,,acanthurus maculiceps,white freckled surgeon,,,,,,
153,Yargoelong,,Cetoscarus bicolor,Bicolor parrot ,,,,,,
154,Yoi,,Chaenomugil leuciscus,acute jawed mullet ,,,,,,
155,Yorbil,,,Orangefin emperor,,,,,Orbin,
156,,,,,,,,,,
157,,,,,,,,,,