fishing trip #,#NAME?,Boat skipper,Data Recorder,Start,AM PM,Stop,AM PM,Fishing Location,Ownership,Nearest Landmark,Orientation,Wind Direction,Swell Height (ft),Fishing Gear,Bait,# 0f Fishermen,Depth(ft),# 0f Catch,Trap set DateTime,Trap set Date Time
1,28/05/2017,Titug,Melvin,07:20,pm,01:00,am,Mesoar,Satawal,Satawal ,Ocean Facing,NE,,Hook & Line,fish,1,30,19,,
2,28/05/2017,Martin Ibeilam,Robert Erailug,07:00,am,12:40,pm,Welgiy,Satawal,Satawal ,Open Water,SE,,Hook & Line,lure,6,,15,,
3,29/05/2017,Alphanso,Melvin,12:10,pm,05:42,pm,Mesoar,Satawal,Satawal ,Ocean Facing,N/E,,Hook & Line,octopus,1,7,61,,
4,29/05/2017,Peter,Melvin,10:00,am,02:45,pm,Mesoar,Satawal,Satawal ,Ocean Facing,N,,Hook & Line,octopus,6,7,39,,
5,29/05/2017,Alvin Pungmuai,Melvin,12:00,pm,06:00,pm,Mesoar,Satawal,Satawal ,Ocean Facing,NE,,Hook & Line,octopus,1,,9,,
6,29/05/2017,Calistus,Jerry,07:00,am,10:10,am,Fortmorh,Satawal,Satawal ,Ocean Facing,NE,,Calf/Linehook,octopus,5,8,9,,
7,29/05/2017,Magnus,Robert Erailug,09:00,am,03:00,pm,Mesoar,Satawal,Satawal ,Ocean Facing,NE,,Hook & Line,octopus,1,,,,
8,30/05/2017,Terry,Nathan,08:00,am,11:30,am,Mesoar,Satawal,Satawal ,Ocean Facing,N/E,,Hook & Line,octopus,1,,,,
9,30/05/2017,Titus,Melvin,07:00,pm,12:15,pm,Asuigwow,Satawal,Satawal ,Ocean Facing,N,,Hook & Line,fish,1,,,,
10,30/05/2017,Martin Ibeilam,Jermiah,07:10,am,09:30,am,Mesoar,Satawal,Satawal ,Ocean Facing,N,,Hook & Line,coconut meat,1,,,,
11,31/05/2017,Alphanso,Melvin,07:00,am,01:45,pm,Foatmerh,Satawal,Satawal ,Ocean Facing,N/E,,Hook & Line,octopus,1,,,,
12,31/05/2017,Russel,Jeremiah,08:00,am,11:48,am,Foatmerh,Satawal,Satawal,Ocean Facing,N/E,,Hook & Line,octopus,11,,68,,
13,31/05/2017,Calistus,Robert Erailug,07:00,am,11:15,am,Welgiy,Satawal,Satawal,Open Water,NE,,Hook & Line,lure,6,,9,,
14,31/05/2017,Max,Robert Erailug,12:00,pm,02:40,pm,SW point,Satawal,Satawal,Ocean Facing,NE,,Calf/Linehook,,4,6,14,,
15,31/05/2017,Amy,Robert Erailug,05:00,pm,10:30,pm,Gasiugwow,Satawal,Satawal,Ocean Facing,NE,,Hook & Line,coconut meat,1,,10,,
16,31/05/2017,Naty,Robert Erailug,06:00,pm,08:30,pm,Gasiugwow,Satawal,Satawal,Ocean Facing,,,Hook & Line,coconut meat,2,,7,,
17,01/06/2017,Martin Retak,Robert Erailug,07:00,pm,10:00,pm,Gasiugwow,Satawal,Satawal,Ocean Facing,NE,,Hook & Line,lure,1,,16,,
18,01/06/2017,Amy Rose,Robert Erailug,04:30,pm,09:30,pm,Gasiugwow,Satawal,Satawal,Ocean Facing,,,Hook & Line,coconut meat,1,,8,,
19,01/06/2017,Julia,Robert Erailug,06:00,pm,11:00,pm,Gasiugwow,Satawal,Satawal,Ocean Facing,,,Hook & Line,coconut meat,2,,8,,
20,01/06/2017,Rob Pechaeireng,Robert Erailug,06:30,pm,10:30,pm,Gasiugwow,Satawal,Satatwal,Ocean Facing,,,Hook & Line,coconut meat/lure,3,,11,,
21,01/06/2017,Max,Robert Erailug,07:00,pm,03:00,am,Gasiugwow,Satawal,Satawal,Ocean Facing,,,Hook & Line,lure,1,,26,,
22,01/06/2017,Rexy,Robert Erailug,07:00,pm,12:00,am,,Satawal,Satawal,Ocean Facing,NE,,Hook & Line,lure,1,,32,,
23,01/06/2017,Roland Raiungliig,Robert Erailug,07:00,am,10:00,am,Foatmworh,Satawal,Satawal,Ocean Facing,E,,Hook & Line,lure,4,,15,,
24,01/06/2017,Marciano,Robert Erailug,06:30,pm,12:30,am,,Satawal,Satawal,Ocean Facing,,,Hook & Line,lure,1,,36,,
25,01/06/2017,Naty,Robert Erailug,06:30,pm,10:30,pm,Gasiugwow,Satawal,Satatwal,Ocean Facing,,,Hook & Line,coconut meat,1,,9,,
26,01/06/2017,Rovino,Melvin,02:10,pm,06:00,pm,Asuigwow,Satawal,Satawal,Ocean Facing,NE,,Hook & Line,octopus,1,7,18,,
27,01/06/2017,Jerry,Melvin,10:00,am,04:00,pm,lugurhig,Satawal,Satawal,Ocean Facing,,,Hook & Line,octopus,1,,11,,
28,01/06/2017,Rayven,Melvin,10:15,am,02:45,pm,Foatmworh,Satawal,Satawal,Ocean Facing,SE,,Calf,,1,7,6,,
29,01/06/2017,Maciano,Melvin,06:15,pm,11:45,pm,Asuigwow,Satawal,Satawal,Ocean Facing,SE,,Hook & Line,fish,2,,43,,
30,01/06/2017,Titus,Melvin,06:30,pm,11:40,pm,Asuigwow,Satawal,Satawal,Ocean Facing,N,,Hook & Line,fish,2,,42,,
31,02/06/2017,Tito,Melvin,06:50,pm,12:00,am,Asuigwow,Satawal,Satawal,Ocean Facing,,,Hook & Line,fish,2,,22,,
32,02/06/2017,Naty,Robert Erailug,06:30,pm,09:00,pm,Asuigwow,Satawal,Satawal,Ocean Facing,N,,Hook & Line,cocnut meat,1,3,9,,
33,02/06/2017,Rovino,Melvin,09:25,am,12:00,pm,lugurhig,Satawal,Satawal,Ocean Facing,,,Hook & Line,octopus,1,,2,,
34,02/06/2017,Amy,Robert Erailug,06:15,pm,08:00,pm,Asuigwow,Satawal,Satawal,Ocean Facing,N,,Hook & Line,cocnut meat,1,3,8,,
35,02/06/2017,tonorio,Robert Erailug,08:30,am,12:30,pm,Lugurhig,Satawal,satawal,Ocean Facing,,,Hook & Line,octopus,1,,12,,
36,02/06/2017,Titus,Robert Erailug,08:40,am,12:50,pm,Asuigwow,Satawal,Satawal,Ocean Facing,,,Hook & Line,octopus,1,,8,,
37,02/06/2017,Lorenzo,Melvin,06:00,pm,11:45,pm,Lugurhig,Satawal,Satawal,Ocean Facing,,,Hook & Line,fish,1,,17,,
38,02/06/2017,Titus,Melvin,06:00,pm,12:00,am,Foatmorh,Satawal,Satawal,Ocean Facing,NE,,Hook & Line,fish,3,,44,,
39,02/06/2017,Awas/Sam,Jerry Joseph,,,,,Asuigwow,Satawal,Satawal,Ocean Facing,SE,,Hook & Line,octopus,5,60m,39,,
40,02/06/2017,Xavier,Robert Erailug,08:30,am,12:00,pm,Lugurhig,Satawal,Satawal,Ocean Facing,,,Hook & Line,octopus,2,,11,,
41,02/06/2017,Robert Pechaeireng,Robert Erailug,07:00,pm,10:00,pm,Gasiugwow,Satawal,Satawal,Ocean Facing,NE,,Hook & Line,lure,2,8',14,,
42,03/06/2017,Pete Dowmar,Jermy&Nathan,07:30,pm,11:30,pm,,Satawal,Satawal,Ocean Facing,,,Hook & Line,lure,1,,,,
43,03/06/2017,Romanes,Robert Erailug,07:00,am,12:20,pm,Welgiy,Satawal,Satawal,Open Water,NE,,Trolling,lure,4,,8,,
44,03/06/2017,Titus,Robert Erailug,07:00,pm,11:00,pm,Lugurhig,Satawal,Satawal,Ocean Facing,N,,Hook & Line,lure,1,,18,,
45,03/06/2017,Martin ,Jermy&Nathan,07:00,pm,10:30,pm,,Satawal,Satawal,Ocean Facing,,,Hook & Line,lure,1,,10,,
46,04/06/2017,Martin Ibeilam,Robert Erailug,05:00,pm,11:00,pm,Gasiugwow,Satawal,Satawal,Ocean Facing,,,Hook & Line,lure,2,,17,,
47,04/06/2017,Jackson Mailuw,Jethro Yarofaital,,,,,,Elato,,Lagoon Facing,E,,Big Net,,13,13',82,,
48,04/06/2017,Junior,Melvin,09:03,pm,11:15,pm,,Satawal,Satawal,Ocean Facing,,,Hook & Line,lure,1,,6,,
49,04/06/2017,John Haleiyalit,Jethro Yarofaital,11:00,,12:34,,Hariuoer meifang,Elato,,Lagoon Facing,NE,,Big Net,,19,6',130,,
50,05/06/2017,Sudal,Robert Erailug,05:00,am,06:03,am,Lugurhig,Satawal,Satawal,Ocean Facing,,,Hook & Line,hermit crab,3,,6,,
51,05/06/2017,Marciano,Melvin,06:00,pm,11:03,pm,Lugurhig,Satawal,Satawal,Ocean Facing,NE,,Hook & Line,lure,1,,,,
52,05/06/2017,Reiluk,Jerry Joseph,05:00,am,06:00,am,Lugurhig,Satawal,Satawal,Ocean Facing,,,Hook & Line,hermit crab,1,3,3,,
53,05/06/2017,Ake,Nathan,06:30,pm,11:30,pm,,Satawal,Satawal,Ocean Facing,N,,Hook & Line,fish,1,,16,,
54,05/06/2017,Johanes,Robert Erailug,03:15,am,05:00,am,Gasiugwow,Satawal,satawal,Ocean Facing,NE,,Hook & Line,lure,2,6,7,,
55,05/06/2017,harvy,Isidore Malifmar,06:00,am,08:00,am,Lugurhig,Satawal,satawal,Ocean Facing,NE,,,,2,,8,,
56,05/06/2017,Robert  ,Robert Erailug,06:30,pm,10:00,pm,Foatmworh,Satawal,Satawal,Ocean Facing,NE,,Hook & Line,hermit crab,1,3,6,,
57,05/06/2017,lornita,Robert Erailug,05:00,pm,08:30,pm,Gasiugwow,Satawal,Satawal,Ocean Facing,NE,,Hook & Line,coconut meat,1,3,10,,
58,06/06/2017,lino O.,Nathan,08:00,pm,11:30,pm,Lugurhig,Satawal,Satawal,Ocean Facing,NE,,Hook & Line,octopus,1,,5,,
59,06/06/2017,Niko,Nathan,09:20,am,02:57,pm,Lugurhig,Satawal,Satawal,Ocean Facing,NE,,Hook & Line,,1,30,15,,
60,06/06/2017,Rexie,Melvin,07:03,am,11.5,am,Lugurhig,Satawal,Satawal,Ocean Facing,NE,,Hook & Line,octopus,7,,16,,
,,,,,,,,,,,,,,,,,,,,
,,,,,,,,,,,,,,,,,,,,
,,,,,,,,,,,,,,,,,,,,
,,,,,,,,,,,,,,,,,,,,
,,,,,,,,,,,,,,,,,,,,
,,,,,,,,,,,,,,,,,,,,
,,,,,,,,,,,,,,,,,,,,
,,,,,,,,,,,,,,,,,,,,
,,,,,,,,,,,,,,,,,,,,
,,,,,,,,,,,,,,,,,,,,
,,,,,,,,,,,,,,,,,,,,
,,,,,,,,,,,,,,,,,,,,
,,,,,,,,,,,,,,,,,,,,
,,,,,,,,,,,,,,,,,,,,
,,,,,,,,,,,,,,,,,,,,
,,,,,,,,,,,,,,,,,,,,
,,,,,,,,,,,,,,,,,,,,
,,,,,,,,,,,,,,,,,,,,
,,,,,,,,,,,,,,,,,,,,
,,,,,,,,,,,,,,,,,,,,
,,,,,,,,,,,,,,,,,,,,
,,,,,,,,,,,,,,,,,,,,
,,,,,,,,,,,,,,,,,,,,
,,,,,,,,,,,,,,,,,,,,
,,,,,,,,,,,,,,,,,,,,
,,,,,,,,,,,,,,,,,,,,
,,,,,,,,,,,,,,,,,,,,
,,,,,,,,,,,,,,,,,,,,
,,,,,,,,,,,,,,,,,,,,
,,,,,,,,,,,,,,,,,,,,
,,,,,,,,,,,,,,,,,,,,
,,,,,,,,,,,,,,,,,,,,
,,,,,,,,,,,,,,,,,,,,
,,,,,,,,,,,,,,,,,,,,
,,,,,,,,,,,,,,,,,,,,
,,,,,,,,,,,,,,,,,,,,
,,,,,,,,,,,,,,,,,,,,
,,,,,,,,,,,,,,,,,,,,
,,,,,,,,,,,,,,,,,,,,
,,,,,,,,,,,,,,,,,,,,
,,,,,,,,,,,,,,,,,,,,
,,,,,,,,,,,,,,,,,,,,
,,,,,,,,,,,,,,,,,,,,
,,,,,,,,,,,,,,,,,,,,
,,,,,,,,,,,,,,,,,,,,
,,,,,,,,,,,,,,,,,,,,
,,,,,,,,,,,,,,,,,,,,
,,,,,,,,,,,,,,,,,,,,
,,,,,,,,,,,,,,,,,,,,
,,,,,,,,,,,,,,,,,,,,
,,,,,,,,,,,,,,,,,,,,
,,,,,,,,,,,,,,,,,,,,
,,,,,,,,,,,,,,,,,,,,
,,,,,,,,,,,,,,,,,,,,
,,,,,,,,,,,,,,,,,,,,
,,,,,,,,,,,,,,,,,,,,
,,,,,,,,,,,,,,,,,,,,
,,,,,,,,,,,,,,,,,,,,
,,,,,,,,,,,,,,,,,,,,
,,,,,,,,,,,,,,,,,,,,
,,,,,,,,,,,,,,,,,,,,
,,,,,,,,,,,,,,,,,,,,
,,,,,,,,,,,,,,,,,,,,
,,,,,,,,,,,,,,,,,,,,
,,,,,,,,,,,,,,,,,,,,
,,,,,,,,,,,,,,,,,,,,
,,,,,,,,,,,,,,,,,,,,
,,,,,,,,,,,,,,,,,,,,
,,,,,,,,,,,,,,,,,,,,
,,,,,,,,,,,,,,,,,,,,
,,,,,,,,,,,,,,,,,,,,
,,,,,,,,,,,,,,,,,,,,
,,,,,,,,,,,,,,,,,,,,
,,,,,,,,,,,,,,,,,,,,
,,,,,,,,,,,,,,,,,,,,
,,,,,,,,,,,,,,,,,,,,
,,,,,,,,,,,,,,,,,,,,
,,,,,,,,,,,,,,,,,,,,
,,,,,,,,,,,,,,,,,,,,
,,,,,,,,,,,,,,,,,,,,
,,,,,,,,,,,,,,,,,,,,
,,,,,,,,,,,,,,,,,,,,
,,,,,,,,,,,,,,,,,,,,
,,,,,,,,,,,,,,,,,,,,
,,,,,,,,,,,,,,,,,,,,
,,,,,,,,,,,,,,,,,,,,
,,,,,,,,,,,,,,,,,,,,
,,,,,,,,,,,,,,,,,,,,
,,,,,,,,,,,,,,,,,,,,
,,,,,,,,,,,,,,,,,,,,
,,,,,,,,,,,,,,,,,,,,
,,,,,,,,,,,,,,,,,,,,
,,,,,,,,,,,,,,,,,,,,
,,,,,,,,,,,,,,,,,,,,
,,,,,,,,,,,,,,,,,,,,
,,,,,,,,,,,,,,,,,,,,
,,,,,,,,,,,,,,,,,,,,
,,,,,,,,,,,,,,,,,,,,
,,,,,,,,,,,,,,,,,,,,
,,,,,,,,,,,,,,,,,,,,
,,,,,,,,,,,,,,,,,,,,
,,,,,,,,,,,,,,,,,,,,
,,,,,,,,,,,,,,,,,,,,
,,,,,,,,,,,,,,,,,,,,
,,,,,,,,,,,,,,,,,,,,
,,,,,,,,,,,,,,,,,,,,
,,,,,,,,,,,,,,,,,,,,
,,,,,,,,,,,,,,,,,,,,
,,,,,,,,,,,,,,,,,,,,
,,,,,,,,,,,,,,,,,,,,
,,,,,,,,,,,,,,,,,,,,
,,,,,,,,,,,,,,,,,,,,
,,,,,,,,,,,,,,,,,,,,
,,,,,,,,,,,,,,,,,,,,
,,,,,,,,,,,,,,,,,,,,
,,,,,,,,,,,,,,,,,,,,
,,,,,,,,,,,,,,,,,,,,
,,,,,,,,,,,,,,,,,,,,
,,,,,,,,,,,,,,,,,,,,
,,,,,,,,,,,,,,,,,,,,
,,,,,,,,,,,,,,,,,,,,
,,,,,,,,,,,,,,,,,,,,
,,,,,,,,,,,,,,,,,,,,
,,,,,,,,,,,,,,,,,,,,
,,,,,,,,,,,,,,,,,,,,
,,,,,,,,,,,,,,,,,,,,
,,,,,,,,,,,,,,,,,,,,
,,,,,,,,,,,,,,,,,,,,
,,,,,,,,,,,,,,,,,,,,
,,,,,,,,,,,,,,,,,,,,
,,,,,,,,,,,,,,,,,,,,
,,,,,,,,,,,,,,,,,,,,
,,,,,,,,,,,,,,,,,,,,
,,,,,,,,,,,,,,,,,,,,
,,,,,,,,,,,,,,,,,,,,
,,,,,,,,,,,,,,,,,,,,
,,,,,,,,,,,,,,,,,,,,
,,,,,,,,,,,,,,,,,,,,
,,,,,,,,,,,,,,,,,,,,
,,,,,,,,,,,,,,,,,,,,
,,,,,,,,,,,,,,,,,,,,
,,,,,,,,,,,,,,,,,,,,
,,,,,,,,,,,,,,,,,,,,
,,,,,,,,,,,,,,,,,,,,
,,,,,,,,,,,,,,,,,,,,
,,,,,,,,,,,,,,,,,,,,
,,,,,,,,,,,,,,,,,,,,
,,,,,,,,,,,,,,,,,,,,
,,,,,,,,,,,,,,,,,,,,
,,,,,,,,,,,,,,,,,,,,
,,,,,,,,,,,,,,,,,,,,
,,,,,,,,,,,,,,,,,,,,
,,,,,,,,,,,,,,,,,,,,
,,,,,,,,,,,,,,,,,,,,
,,,,,,,,,,,,,,,,,,,,
,,,,,,,,,,,,,,,,,,,,
,,,,,,,,,,,,,,,,,,,,
,,,,,,,,,,,,,,,,,,,,
,,,,,,,,,,,,,,,,,,,,
,,,,,,,,,,,,,,,,,,,,
,,,,,,,,,,,,,,,,,,,,
,,,,,,,,,,,,,,,,,,,,
,,,,,,,,,,,,,,,,,,,,
,,,,,,,,,,,,,,,,,,,,
,,,,,,,,,,,,,,,,,,,,
,,,,,,,,,,,,,,,,,,,,
,,,,,,,,,,,,,,,,,,,,
,,,,,,,,,,,,,,,,,,,,
,,,,,,,,,,,,,,,,,,,,
,,,,,,,,,,,,,,,,,,,,
,,,,,,,,,,,,,,,,,,,,
,,,,,,,,,,,,,,,,,,,,
,,,,,,,,,,,,,,,,,,,,
,,,,,,,,,,,,,,,,,,,,
,,,,,,,,,,,,,,,,,,,,
,,,,,,,,,,,,,,,,,,,,
,,,,,,,,,,,,,,,,,,,,
,,,,,,,,,,,,,,,,,,,,
,,,,,,,,,,,,,,,,,,,,
,,,,,,,,,,,,,,,,,,,,
,,,,,,,,,,,,,,,,,,,,
,,,,,,,,,,,,,,,,,,,,
,,,,,,,,,,,,,,,,,,,,
,,,,,,,,,,,,,,,,,,,,
,,,,,,,,,,,,,,,,,,,,
,,,,,,,,,,,,,,,,,,,,
,,,,,,,,,,,,,,,,,,,,
,,,,,,,,,,,,,,,,,,,,
,,,,,,,,,,,,,,,,,,,,
,,,,,,,,,,,,,,,,,,,,
,,,,,,,,,,,,,,,,,,,,
,,,,,,,,,,,,,,,,,,,,
,,,,,,,,,,,,,,,,,,,,
,,,,,,,,,,,,,,,,,,,,
,,,,,,,,,,,,,,,,,,,,
,,,,,,,,,,,,,,,,,,,,
,,,,,,,,,,,,,,,,,,,,
,,,,,,,,,,,,,,,,,,,,
,,,,,,,,,,,,,,,,,,,,
,,,,,,,,,,,,,,,,,,,,
,,,,,,,,,,,,,,,,,,,,
,,,,,,,,,,,,,,,,,,,,
,,,,,,,,,,,,,,,,,,,,
,,,,,,,,,,,,,,,,,,,,
,,,,,,,,,,,,,,,,,,,,
,,,,,,,,,,,,,,,,,,,,
,,,,,,,,,,,,,,,,,,,,
,,,,,,,,,,,,,,,,,,,,
,,,,,,,,,,,,,,,,,,,,
,,,,,,,,,,,,,,,,,,,,
,,,,,,,,,,,,,,,,,,,,
,,,,,,,,,,,,,,,,,,,,
,,,,,,,,,,,,,,,,,,,,
,,,,,,,,,,,,,,,,,,,,
,,,,,,,,,,,,,,,,,,,,
,,,,,,,,,,,,,,,,,,,,
,,,,,,,,,,,,,,,,,,,,
,,,,,,,,,,,,,,,,,,,,
,,,,,,,,,,,,,,,,,,,,
,,,,,,,,,,,,,,,,,,,,
,,,,,,,,,,,,,,,,,,,,
,,,,,,,,,,,,,,,,,,,,
,,,,,,,,,,,,,,,,,,,,
,,,,,,,,,,,,,,,,,,,,
,,,,,,,,,,,,,,,,,,,,
,,,,,,,,,,,,,,,,,,,,
,,,,,,,,,,,,,,,,,,,,
,,,,,,,,,,,,,,,,,,,,
,,,,,,,,,,,,,,,,,,,,
,,,,,,,,,,,,,,,,,,,,
,,,,,,,,,,,,,,,,,,,,
,,,,,,,,,,,,,,,,,,,,
,,,,,,,,,,,,,,,,,,,,
,,,,,,,,,,,,,,,,,,,,
,,,,,,,,,,,,,,,,,,,,
,,,,,,,,,,,,,,,,,,,,
,,,,,,,,,,,,,,,,,,,,
,,,,,,,,,,,,,,,,,,,,
,,,,,,,,,,,,,,,,,,,,
,,,,,,,,,,,,,,,,,,,,
,,,,,,,,,,,,,,,,,,,,
,,,,,,,,,,,,,,,,,,,,
,,,,,,,,,,,,,,,,,,,,
,,,,,,,,,,,,,,,,,,,,
,,,,,,,,,,,,,,,,,,,,
,,,,,,,,,,,,,,,,,,,,
,,,,,,,,,,,,,,,,,,,,
,,,,,,,,,,,,,,,,,,,,
,,,,,,,,,,,,,,,,,,,,
,,,,,,,,,,,,,,,,,,,,
,,,,,,,,,,,,,,,,,,,,
,,,,,,,,,,,,,,,,,,,,
,,,,,,,,,,,,,,,,,,,,
,,,,,,,,,,,,,,,,,,,,
,,,,,,,,,,,,,,,,,,,,
,,,,,,,,,,,,,,,,,,,,
,,,,,,,,,,,,,,,,,,,,
,,,,,,,,,,,,,,,,,,,,
,,,,,,,,,,,,,,,,,,,,
,,,,,,,,,,,,,,,,,,,,
,,,,,,,,,,,,,,,,,,,,
,,,,,,,,,,,,,,,,,,,,
,,,,,,,,,,,,,,,,,,,,
,,,,,,,,,,,,,,,,,,,,
,,,,,,,,,,,,,,,,,,,,
,,,,,,,,,,,,,,,,,,,,
,,,,,,,,,,,,,,,,,,,,
,,,,,,,,,,,,,,,,,,,,
,,,,,,,,,,,,,,,,,,,,
,,,,,,,,,,,,,,,,,,,,
,,,,,,,,,,,,,,,,,,,,
,,,,,,,,,,,,,,,,,,,,
,,,,,,,,,,,,,,,,,,,,
,,,,,,,,,,,,,,,,,,,,
,,,,,,,,,,,,,,,,,,,,
,,,,,,,,,,,,,,,,,,,,
,,,,,,,,,,,,,,,,,,,,
,,,,,,,,,,,,,,,,,,,,
,,,,,,,,,,,,,,,,,,,,
,,,,,,,,,,,,,,,,,,,,
,,,,,,,,,,,,,,,,,,,,
,,,,,,,,,,,,,,,,,,,,
,,,,,,,,,,,,,,,,,,,,
,,,,,,,,,,,,,,,,,,,,
,,,,,,,,,,,,,,,,,,,,
,,,,,,,,,,,,,,,,,,,,
,,,,,,,,,,,,,,,,,,,,
,,,,,,,,,,,,,,,,,,,,
,,,,,,,,,,,,,,,,,,,,
,,,,,,,,,,,,,,,,,,,,
,,,,,,,,,,,,,,,,,,,,
,,,,,,,,,,,,,,,,,,,,
,,,,,,,,,,,,,,,,,,,,
,,,,,,,,,,,,,,,,,,,,
,,,,,,,,,,,,,,,,,,,,
,,,,,,,,,,,,,,,,,,,,
,,,,,,,,,,,,,,,,,,,,
,,,,,,,,,,,,,,,,,,,,
,,,,,,,,,,,,,,,,,,,,
,,,,,,,,,,,,,,,,,,,,
,,,,,,,,,,,,,,,,,,,,
,,,,,,,,,,,,,,,,,,,,
,,,,,,,,,,,,,,,,,,,,
,,,,,,,,,,,,,,,,,,,,
,,,,,,,,,,,,,,,,,,,,
,,,,,,,,,,,,,,,,,,,,
,,,,,,,,,,,,,,,,,,,,
,,,,,,,,,,,,,,,,,,,,
,,,,,,,,,,,,,,,,,,,,
,,,,,,,,,,,,,,,,,,,,
,,,,,,,,,,,,,,,,,,,,
,,,,,,,,,,,,,,,,,,,,
